<step title="BackgroundTrace" date="2026-02-23T01:28:03.097" instance="cffa27" url="/api/zipdeploy" method="POST" >
  <step title="Creating temporary deployment - FetchDeploymentManager" date="2026-02-23T01:28:03.409" /><!-- duration: 3ms -->
  <step title="Creating temporary deployment" date="2026-02-23T01:28:03.421" /><!-- duration: 83ms -->
  <step title="Performing fetch based deployment" date="2026-02-23T01:28:03.575" >
    <step title="Cleaning up temp folders from previous zip deployments and extracting pushed zip file /tmp/zipdeploy/51644137-8826-448f-927e-a97c9c3bf6e4.zip (8.60 MB) to /tmp/zipdeploy/extracted" date="2026-02-23T01:28:04.775" >
      <step title="ChmodRecursive Process exited with total time taken in ms: 123" date="2026-02-23T01:28:06.619" /><!-- duration: 20ms -->
    </step><!-- duration: 1871ms -->
    <step title="Deployment timer started" date="2026-02-23T01:28:08.669" >
      <step title="DeploymentManager.Deploy(id:e4bde6d9-804c-4ab1-8f45-35fdf2ca77f6)" date="2026-02-23T01:28:08.684" >
        <step title="Collecting changeset information" date="2026-02-23T01:28:08.710" /><!-- duration: 86ms -->
        <step title="Updating submodules" date="2026-02-23T01:28:08.807" /><!-- duration: 1150ms -->
        <step title="Determining deployment builder" date="2026-02-23T01:28:10.197" >
          <step title="Builder is BasicBuilder" date="2026-02-23T01:28:10.213" /><!-- duration: 5ms -->
        </step><!-- duration: 28ms -->
        <step title="PreDeployment: context.CleanOutputPath False" date="2026-02-23T01:28:10.271" >
          <step title="PreDeployment: context.OutputPath /home/site/wwwroot" date="2026-02-23T01:28:10.391" >
            <step title="Building" date="2026-02-23T01:28:10.561" >
              <step title="Executing external process" date="2026-02-23T01:28:10.883" type="process" path="starter.sh" arguments="/opt/Kudu/Scripts/parallel_rsync.sh /tmp/zipdeploy/extracted /home/site/wwwroot 8 /tmp/ False True  " /><!-- duration: 8097ms -->
              <step title="Triggering recycle (preview mode disabled)." date="2026-02-23T01:28:19.304" /><!-- duration: 10ms -->
              <step title="Modified file to trigger a restart of the app container." date="2026-02-23T01:28:19.351" /><!-- duration: 5ms -->
              <step title="Skip function trigger and logicapp sync because function is not enabled." date="2026-02-23T01:28:19.364" /><!-- duration: 8ms -->
            </step><!-- duration: 9435ms -->
          </step><!-- duration: 9615ms -->
          <step title="Cleaning up temp files" date="2026-02-23T01:28:20.012" /><!-- duration: 8ms -->
          <step title="Cleaning up temp files" date="2026-02-23T01:28:20.026" /><!-- duration: 515ms -->
          <step title="Reloading status file with latest updates" date="2026-02-23T01:28:20.581" >
            <step title="WebHooksManager.PublishEventAsync: PostDeployment" date="2026-02-23T01:28:20.587" /><!-- duration: 37ms -->
          </step><!-- duration: 50ms -->
          <step title="Cleaning up temporary deployment - fetch deployment was successful" date="2026-02-23T01:28:20.643" /><!-- duration: 5ms -->
        </step><!-- duration: 10456ms -->
      </step><!-- duration: 12068ms -->
