<step title="BackgroundTrace" date="2026-02-23T18:32:08.825" instance="c8e42a" url="/api/zipdeploy" method="POST" >
  <step title="Cleanup Xml Logs" date="2026-02-23T18:32:08.837" /><!-- duration: 7ms -->
  <step title="Creating temporary deployment - FetchDeploymentManager" date="2026-02-23T18:32:08.946" /><!-- duration: 10ms -->
  <step title="Creating temporary deployment" date="2026-02-23T18:32:08.967" /><!-- duration: 160ms -->
  <step title="Performing fetch based deployment" date="2026-02-23T18:32:09.195" >
    <step title="Cleaning up temp folders from previous zip deployments and extracting pushed zip file /tmp/zipdeploy/93358a3e-b6dd-4da7-b0e3-2aabd4afd8e4.zip (9.40 MB) to /tmp/zipdeploy/extracted" date="2026-02-23T18:32:10.452" >
      <step title="ChmodRecursive Process exited with total time taken in ms: 240" date="2026-02-23T18:32:14.031" /><!-- duration: 21ms -->
    </step><!-- duration: 3630ms -->
    <step title="Deployment timer started" date="2026-02-23T18:32:16.143" >
      <step title="DeploymentManager.Deploy(id:4dac70f0-1988-4396-9f1d-f9f573bc7fa5)" date="2026-02-23T18:32:16.235" >
        <step title="Collecting changeset information" date="2026-02-23T18:32:16.405" /><!-- duration: 201ms -->
        <step title="Updating submodules" date="2026-02-23T18:32:16.626" /><!-- duration: 1315ms -->
        <step title="Determining deployment builder" date="2026-02-23T18:32:18.505" >
          <step title="Builder is OryxBuilder" date="2026-02-23T18:32:18.576" /><!-- duration: 18ms -->
        </step><!-- duration: 101ms -->
        <step title="PreDeployment: context.CleanOutputPath False" date="2026-02-23T18:32:18.797" >
          <step title="PreDeployment: context.OutputPath /home/site/wwwroot" date="2026-02-23T18:32:19.119" >
            <step title="Building" date="2026-02-23T18:32:19.761" >
              <step title="Executing external process" date="2026-02-23T18:32:20.809" type="process" path="bash" arguments="-c &quot;oryx build /tmp/zipdeploy/extracted -o /home/site/wwwroot --platform nodejs --platform-version 20 -p virtualenv_name= --log-file /tmp/build-debug.log  -i /tmp/8de7309e03060d2 -p compress_node_modules=tar-gz | tee /tmp/oryx-build.log ; exit $PIPESTATUS &quot;" >
                <step title="Cpu: npm install(1989,104.460s)+build.sh(1905,0.050s)+oryx(1880,9.310s)+tee(1881,0.000s)+bash(1879,0.000s)=total(113.810s)" date="2026-02-23T18:35:30.335" /><!-- duration: 20ms -->
                <step title="bash: no io activity for 60s, prev-cpu=-1.000s, current-cpu=113.810s" date="2026-02-23T18:35:30.395" /><!-- duration: 40ms -->
                <step title="Cpu: npm install(1989,149.520s)+build.sh(1905,0.050s)+oryx(1880,9.450s)+tee(1881,0.000s)+bash(1879,0.000s)=total(159.020s)" date="2026-02-23T18:36:31.031" /><!-- duration: 12ms -->
                <step title="bash: no io activity for 121s, prev-cpu=113.810s, current-cpu=159.020s" date="2026-02-23T18:36:31.082" /><!-- duration: 41ms -->
                <step title="Cpu: npm install(1989,180.850s)+build.sh(1905,0.050s)+oryx(1880,9.540s)+tee(1881,0.000s)+bash(1879,0.000s)=total(190.430s)" date="2026-02-23T18:37:31.854" /><!-- duration: 70ms -->
                <step title="bash: no io activity for 181s, prev-cpu=159.020s, current-cpu=190.430s" date="2026-02-23T18:37:32.086" /><!-- duration: 49ms -->
