<step title="BackgroundTrace" date="2026-02-23T02:02:56.599" instance="d48e77" url="/api/zipdeploy" method="POST" >
  <step title="Creating temporary deployment - FetchDeploymentManager" date="2026-02-23T02:02:56.672" /><!-- duration: 3ms -->
  <step title="Creating temporary deployment" date="2026-02-23T02:02:56.681" /><!-- duration: 39ms -->
  <step title="Performing fetch based deployment" date="2026-02-23T02:02:56.769" >
    <step title="Cleaning up temp folders from previous zip deployments and extracting pushed zip file /tmp/zipdeploy/e794fa97-b1d3-4885-983c-63c99d2d9ccd.zip (9.12 MB) to /tmp/zipdeploy/extracted" date="2026-02-23T02:02:57.930" >
      <step title="ChmodRecursive Process exited with total time taken in ms: 447" date="2026-02-23T02:02:59.633" /><!-- duration: 6ms -->
    </step><!-- duration: 1713ms -->
    <step title="Deployment timer started" date="2026-02-23T02:03:01.655" >
      <step title="DeploymentManager.Deploy(id:0422fdc3-77c7-45eb-bb4a-c0fe998f318e)" date="2026-02-23T02:03:01.663" >
        <step title="Collecting changeset information" date="2026-02-23T02:03:01.701" /><!-- duration: 79ms -->
        <step title="Updating submodules" date="2026-02-23T02:03:01.787" /><!-- duration: 1110ms -->
        <step title="Determining deployment builder" date="2026-02-23T02:03:03.117" >
          <step title="Builder is BasicBuilder" date="2026-02-23T02:03:03.130" /><!-- duration: 8ms -->
        </step><!-- duration: 26ms -->
        <step title="PreDeployment: context.CleanOutputPath False" date="2026-02-23T02:03:03.222" >
          <step title="PreDeployment: context.OutputPath /home/site/wwwroot" date="2026-02-23T02:03:03.347" >
            <step title="Building" date="2026-02-23T02:03:03.468" >
              <step title="Executing external process" date="2026-02-23T02:03:03.765" type="process" path="starter.sh" arguments="/opt/Kudu/Scripts/parallel_rsync.sh /tmp/zipdeploy/extracted /home/site/wwwroot 8 /tmp/ False True  " /><!-- duration: 8408ms -->
              <step title="Triggering recycle (preview mode disabled)." date="2026-02-23T02:03:12.451" /><!-- duration: 6ms -->
              <step title="Modified file to trigger a restart of the app container." date="2026-02-23T02:03:12.482" /><!-- duration: 8ms -->
              <step title="Skip function trigger and logicapp sync because function is not enabled." date="2026-02-23T02:03:12.506" /><!-- duration: 8ms -->
            </step><!-- duration: 9814ms -->
          </step><!-- duration: 9959ms -->
          <step title="Cleaning up temp files" date="2026-02-23T02:03:13.311" /><!-- duration: 13ms -->
          <step title="Cleaning up temp files" date="2026-02-23T02:03:13.333" /><!-- duration: 525ms -->
          <step title="Reloading status file with latest updates" date="2026-02-23T02:03:13.914" >
            <step title="WebHooksManager.PublishEventAsync: PostDeployment" date="2026-02-23T02:03:13.925" /><!-- duration: 68ms -->
          </step><!-- duration: 86ms -->
          <step title="Cleaning up temporary deployment - fetch deployment was successful" date="2026-02-23T02:03:14.013" /><!-- duration: 6ms -->
        </step><!-- duration: 10898ms -->
      </step><!-- duration: 12497ms -->
