<step title="Incoming Request" date="2026-02-23T17:01:04.256" instance="c8e42a" url="/api/zipdeploy?isAsync=true" method="POST" type="request" pid="834,1,3" Accept="*/*" Host="kholo-may-boutique.scm.azurewebsites.net" User-Agent="AZURECLI/2.83.0 (MSI)" Accept-Encoding="gzip, deflate" Authorization="Bea..." Cache-Control="no-cache" Content-Type="application/octet-stream" Content-Length="9575294" x-ms-client-request-id="131245f6-10d9-11f1-a3d4-c0b5d71b77b6" x-ms-artifact-checksum="91f1812066e1e49ed62b250d47ad2e312281460909fb89986164841e9748436e" X-ARR-LOG-ID="131245f6-10d9-11f1-a3d4-c0b5d71b77b6" CLIENT-IP="105.245.240.153:45132" X-SITE-DEPLOYMENT-ID="kholo-may-boutique" WAS-DEFAULT-HOSTNAME="kholo-may-boutique.scm.azurewebsites.net" X-Forwarded-Proto="https" X-AppService-Proto="https" X-Forwarded-TlsVersion="1.3" X-WAWS-Unencoded-URL="/api/zipdeploy?isAsync=true" X-Client-IP="105.245.240.153" X-Client-Port="45132" >
  <step title="Cleanup Xml Logs" date="2026-02-23T17:01:04.265" /><!-- duration: 30ms -->
  <step title="ZipPushDeploy" date="2026-02-23T17:01:05.008" >
    <step title="ZipDeploy. Extract zip." date="2026-02-23T17:01:05.087" /><!-- duration: 30ms -->
    <step title="None repository commit" date="2026-02-23T17:01:05.180" >
      <step title="Commit id: df998c85-54b3-450e-9cbd-c774cce75fe1" date="2026-02-23T17:01:05.198" Message="N/A" AuthorName="N/A" AuthorEmail="N/A" /><!-- duration: 22ms -->
    </step><!-- duration: 69ms -->
    <step title="Starting PushDeployAsync" date="2026-02-23T17:01:05.270" /><!-- duration: 21ms -->
    <step title="Writing artifact to /tmp/zipdeploy/c409840e-a05e-4780-b3b1-ccce70284dcf.zip" date="2026-02-23T17:01:05.561" >
      <step title="Writing multipart request body to /tmp/zipdeploy/c409840e-a05e-4780-b3b1-ccce70284dcf.zip" date="2026-02-23T17:01:05.632" /><!-- duration: 11ms -->
    </step><!-- duration: 4769ms -->
    <step title="Start deployment in the background" date="2026-02-23T17:01:10.462" >
      <step title="Acquiring Deployment Lock" date="2026-02-23T17:01:10.693" /><!-- duration: 120ms -->
      <step title="Acquired Deployment Lock" date="2026-02-23T17:01:10.996" /><!-- duration: 8ms -->
    </step><!-- duration: 666ms -->
  </step><!-- duration: 6130ms -->
  <step title="Outgoing response" date="2026-02-23T17:01:11.159" type="response" statusCode="202" statusText="Accepted" /><!-- duration: 4ms -->
</step><!-- duration: 6911ms -->
