﻿<?xml version="1.0" encoding="utf-8"?>
<deployment>
  <id>bd9ded20-ea96-4a1a-bb96-82c030d7f0e8</id>
  <author>N/A</author>
  <deployer>Push-Deployer</deployer>
  <authorEmail>N/A</authorEmail>
  <message>Created via a push deployment</message>
  <progress></progress>
  <status>Failed</status>
  <statusText></statusText>
  <lastSuccessEndTime />
  <receivedTime>2026-02-23T17:43:03.5050017Z</receivedTime>
  <startTime>2026-02-23T17:43:04.8218118Z</startTime>
  <endTime>2026-02-23T17:46:29.7538325Z</endTime>
  <complete>True</complete>
  <is_temp>False</is_temp>
  <is_readonly>True</is_readonly>
  <containerId>5944f2c9b064</containerId>
  <buildSummary />
</deployment>