<step title="Incoming Request" date="2026-02-23T19:10:50.232" instance="c8e42a" url="/logstream" method="GET" type="request" pid="833,1,31" Host="kholo-may-boutique.scm.azurewebsites.net" User-Agent="AZURECLI/2.83.0 (MSI)" Accept-Encoding="identity" Authorization="Bea..." x-ms-client-request-id="524dbf88-10eb-11f1-b4b0-c0b5d71b77b6" X-ARR-LOG-ID="524dbf88-10eb-11f1-b4b0-c0b5d71b77b6" CLIENT-IP="105.245.240.153:60992" X-SITE-DEPLOYMENT-ID="kholo-may-boutique" WAS-DEFAULT-HOSTNAME="kholo-may-boutique.scm.azurewebsites.net" X-Forwarded-Proto="https" X-AppService-Proto="https" X-Forwarded-TlsVersion="1.3" X-WAWS-Unencoded-URL="/logstream" X-Client-IP="105.245.240.153" X-Client-Port="60992" >
  <step title="Cleanup Xml Logs" date="2026-02-23T19:10:50.236" >
    <step title="Cleanup Infos" date="2026-02-23T19:10:50.248" totalFiles="213" totalCleanup="53" /><!-- duration: 34ms -->
  </step><!-- duration: 50ms -->
  <step title="LogStreamHandlerMiddleware.Invoke" date="2026-02-23T19:10:50.304" /><!-- duration: 170ms -->
  <step title="Error occurred" date="2026-02-23T21:10:50.422" type="error" text="LogStreamManager: Inside TerminateClient" /><!-- duration: 6ms -->
  <step title="Error occurred" date="2026-02-23T21:10:50.440" type="error" text="LogStreamManager: Inside Reset" /><!-- duration: 6ms -->
  <step title="Error occurred" date="2026-02-23T21:30:53.176" type="error" text="LogStreamManager: ProcessRequest end due to timeout" /><!-- duration: 10ms -->
  <step title="Outgoing response" date="2026-02-23T21:30:53.258" type="response" statusCode="200" statusText="OK" /><!-- duration: 10ms -->
</step><!-- duration: 8403040ms -->
