<step title="Incoming Request" date="2026-02-24T06:57:21.477" instance="c8e42a" url="/api/zipdeploy?isAsync=true" method="POST" type="request" pid="833,1,22" Accept="*/*" Host="kholo-may-boutique.scm.azurewebsites.net" User-Agent="AZURECLI/2.83.0 (MSI)" Accept-Encoding="gzip, deflate" Authorization="Bea..." Cache-Control="no-cache" Content-Type="application/octet-stream" Content-Length="25428043" x-ms-client-request-id="e93b8986-114d-11f1-af51-c0b5d71b77b6" x-ms-artifact-checksum="73b576a1d786c0c0e423fa906a1b98fd89dea491c155b8773b9f59df8e0a8db5" X-ARR-LOG-ID="e93b8986-114d-11f1-af51-c0b5d71b77b6" CLIENT-IP="105.245.240.153:38311" X-SITE-DEPLOYMENT-ID="kholo-may-boutique" WAS-DEFAULT-HOSTNAME="kholo-may-boutique.scm.azurewebsites.net" X-Forwarded-Proto="https" X-AppService-Proto="https" X-Forwarded-TlsVersion="1.3" X-WAWS-Unencoded-URL="/api/zipdeploy?isAsync=true" X-Client-IP="105.245.240.153" X-Client-Port="38311" >
  <step title="ZipPushDeploy" date="2026-02-24T06:57:22.110" >
    <step title="ZipDeploy. Extract zip." date="2026-02-24T06:57:22.249" /><!-- duration: 41ms -->
    <step title="Starting PushDeployAsync" date="2026-02-24T06:57:22.420" /><!-- duration: 110ms -->
    <step title="Writing artifact to /tmp/zipdeploy/181ff249-641b-4b4c-8f5b-5c4d5368f126.zip" date="2026-02-24T06:57:22.981" >
      <step title="Writing multipart request body to /tmp/zipdeploy/181ff249-641b-4b4c-8f5b-5c4d5368f126.zip" date="2026-02-24T06:57:23.043" /><!-- duration: 160ms -->
    </step><!-- duration: 18250ms -->
    <step title="Removing previous build artifact&apos;s manifest file" date="2026-02-24T06:57:41.411" >
      <step title="Start deployment in the background" date="2026-02-24T06:57:41.773" >
        <step title="Acquiring Deployment Lock" date="2026-02-24T06:57:42.690" /><!-- duration: 59ms -->
        <step title="Cannot Acquire Deployment Lock already held" date="2026-02-24T06:57:42.921" /><!-- duration: 19ms -->
      </step><!-- duration: 1680ms -->
      <step title="There is a deployment currently in progress. Please try again when it completes." date="2026-02-24T06:57:43.615" /><!-- duration: 110ms -->
    </step><!-- duration: 2625ms -->
    <step title="Outgoing response" date="2026-02-24T06:57:44.328" type="response" statusCode="409" statusText="Conflict" /><!-- duration: 40ms -->
  </step><!-- duration: 22468ms -->
