<step title="Incoming Request" date="2026-02-24T07:24:21.152" instance="c8e42a" url="/api/deployments/latest?deployer=OneDeploy&amp;time=2026-02-24_07-22-11Z" method="GET" type="request" pid="833,1,18" Host="kholo-may-boutique.scm.azurewebsites.net" User-Agent="GITHUBACTIONS_DeployWebAppToAzure_18fab4e0fe05a7107e4bbad74201faccf5554886db050fe096de485e629b71eb" Authorization="Bea..." Content-Type="application/json; charset=utf-8" Cookie="ARRAffinity=c8e42a2e9282e266f7f8208800e3f3003a7d6e8149859585d969c3187d57e418;Path=/;HttpOnly;Secure;Domain=kholo-may-boutique.scm.azurewebsites.net; ARRAffinitySameSite=c8e42a2e9282e266f7f8208800e3f3003a7d6e8149859585d969c3187d57e418;Path=/;HttpOnly;SameSite=None;Secure;Domain=kholo-may-boutique.scm.azurewebsites.net" Content-Length="0" X-ARR-LOG-ID="02e636b3-d04e-4588-b69e-8c017129acea" CLIENT-IP="64.236.140.181:18464" X-SITE-DEPLOYMENT-ID="kholo-may-boutique" WAS-DEFAULT-HOSTNAME="kholo-may-boutique.scm.azurewebsites.net" X-Forwarded-Proto="https" X-AppService-Proto="https" X-Forwarded-TlsVersion="1.3" X-WAWS-Unencoded-URL="/api/deployments/latest?deployer=OneDeploy&amp;time=2026-02-24_07-22-11Z" X-Client-IP="64.236.140.181" X-Client-Port="18464" >
  <step title="Cleanup Xml Logs" date="2026-02-24T07:24:21.162" >
    <step title="Cleanup Infos" date="2026-02-24T07:24:21.203" totalFiles="462" totalCleanup="302" /><!-- duration: 28ms -->
  </step><!-- duration: 78ms -->
  <step title="DeploymentService.GetResult" date="2026-02-24T07:24:21.271" >
    <step title="DeploymentService.GetLatestDeployment" date="2026-02-24T07:24:21.281" >
      <step title="DeploymentManager.GetResults" date="2026-02-24T07:24:21.291" /><!-- duration: 996ms -->
    </step><!-- duration: 1027ms -->
  </step><!-- duration: 1046ms -->
  <step title="Outgoing response" date="2026-02-24T07:24:22.329" type="response" statusCode="202" statusText="Accepted" /><!-- duration: 18ms -->
</step><!-- duration: 1205ms -->
