<step title="Incoming Request" date="2026-02-23T18:48:51.522" instance="c8e42a" url="/api/zipdeploy?isAsync=true" method="POST" type="request" pid="833,1,38" Accept="*/*" Host="kholo-may-boutique.scm.azurewebsites.net" User-Agent="AZURECLI/2.83.0 (MSI)" Accept-Encoding="gzip, deflate" Authorization="Bea..." Cache-Control="no-cache" Content-Type="application/octet-stream" Content-Length="10991940" x-ms-client-request-id="0cfe1855-10e8-11f1-b8dc-c0b5d71b77b6" x-ms-artifact-checksum="cc3496244632d8e4182a4cd94d2035162f29ce665cd0d1f751c5d52aed06649c" X-ARR-LOG-ID="0cfe1855-10e8-11f1-b8dc-c0b5d71b77b6" CLIENT-IP="105.245.240.153:61544" X-SITE-DEPLOYMENT-ID="kholo-may-boutique" WAS-DEFAULT-HOSTNAME="kholo-may-boutique.scm.azurewebsites.net" X-Forwarded-Proto="https" X-AppService-Proto="https" X-Forwarded-TlsVersion="1.3" X-WAWS-Unencoded-URL="/api/zipdeploy?isAsync=true" X-Client-IP="105.245.240.153" X-Client-Port="61544" >
  <step title="Cleanup Xml Logs" date="2026-02-23T18:48:51.527" /><!-- duration: 8ms -->
  <step title="ZipPushDeploy" date="2026-02-23T18:48:51.593" >
    <step title="ZipDeploy. Extract zip." date="2026-02-23T18:48:51.629" /><!-- duration: 4ms -->
    <step title="Starting PushDeployAsync" date="2026-02-23T18:48:51.639" /><!-- duration: 3ms -->
    <step title="Writing artifact to /tmp/zipdeploy/72b96ad7-ac90-411c-9251-2e8339f781b5.zip" date="2026-02-23T18:48:51.659" >
      <step title="Writing multipart request body to /tmp/zipdeploy/72b96ad7-ac90-411c-9251-2e8339f781b5.zip" date="2026-02-23T18:48:51.663" /><!-- duration: 19ms -->
    </step><!-- duration: 8655ms -->
    <step title="Start deployment in the background" date="2026-02-23T18:49:00.338" >
      <step title="Acquiring Deployment Lock" date="2026-02-23T18:49:00.423" /><!-- duration: 4ms -->
      <step title="Acquired Deployment Lock" date="2026-02-23T18:49:00.452" /><!-- duration: 4ms -->
    </step><!-- duration: 189ms -->
  </step><!-- duration: 8943ms -->
  <step title="Outgoing response" date="2026-02-23T18:49:00.540" type="response" statusCode="202" statusText="Accepted" /><!-- duration: 4ms -->
</step><!-- duration: 9033ms -->
