<step title="Incoming Request" date="2026-02-24T06:46:01.362" instance="c8e42a" url="/api/deployments/latest?deployer=OneDeploy&amp;time=2026-02-24_06-44-43Z" method="GET" type="request" pid="833,1,15" Host="kholo-may-boutique.scm.azurewebsites.net" User-Agent="GITHUBACTIONS_DeployWebAppToAzure_18fab4e0fe05a7107e4bbad74201faccf5554886db050fe096de485e629b71eb" Authorization="Bea..." Content-Type="application/json; charset=utf-8" Cookie="ARRAffinity=c8e42a2e9282e266f7f8208800e3f3003a7d6e8149859585d969c3187d57e418;Path=/;HttpOnly;Secure;Domain=kholo-may-boutique.scm.azurewebsites.net; ARRAffinitySameSite=c8e42a2e9282e266f7f8208800e3f3003a7d6e8149859585d969c3187d57e418;Path=/;HttpOnly;SameSite=None;Secure;Domain=kholo-may-boutique.scm.azurewebsites.net" Content-Length="0" X-ARR-LOG-ID="c6bc9f80-a51f-4b70-89fb-5c7957aa2505" CLIENT-IP="20.161.58.226:44032" X-SITE-DEPLOYMENT-ID="kholo-may-boutique" WAS-DEFAULT-HOSTNAME="kholo-may-boutique.scm.azurewebsites.net" X-Forwarded-Proto="https" X-AppService-Proto="https" X-Forwarded-TlsVersion="1.3" X-WAWS-Unencoded-URL="/api/deployments/latest?deployer=OneDeploy&amp;time=2026-02-24_06-44-43Z" X-Client-IP="20.161.58.226" X-Client-Port="44032" >
  <step title="Cleanup Xml Logs" date="2026-02-24T06:46:01.371" >
    <step title="Cleanup Infos" date="2026-02-24T06:46:01.422" totalFiles="332" totalCleanup="172" /><!-- duration: 39ms -->
  </step><!-- duration: 103ms -->
  <step title="DeploymentService.GetResult" date="2026-02-24T06:46:01.512" >
    <step title="DeploymentService.GetLatestDeployment" date="2026-02-24T06:46:01.523" >
      <step title="DeploymentManager.GetResults" date="2026-02-24T06:46:01.533" /><!-- duration: 1780ms -->
    </step><!-- duration: 1870ms -->
  </step><!-- duration: 1904ms -->
  <step title="Outgoing response" date="2026-02-24T06:46:03.436" type="response" statusCode="202" statusText="Accepted" /><!-- duration: 69ms -->
</step><!-- duration: 2154ms -->
