<step title="Incoming Request" date="2026-02-24T06:39:57.219" instance="c8e42a" url="/api/deployments/latest" method="GET" type="request" pid="833,1,37" Accept="*/*" Host="kholo-may-boutique.scm.azurewebsites.net" User-Agent="AZURECLI/2.83.0 (MSI)" Accept-Encoding="gzip, deflate" Authorization="Bea..." x-ms-client-request-id="6be16e6a-114b-11f1-af5c-c0b5d71b77b6" X-ARR-LOG-ID="6be16e6a-114b-11f1-af5c-c0b5d71b77b6" CLIENT-IP="105.245.240.153:58567" X-SITE-DEPLOYMENT-ID="kholo-may-boutique" WAS-DEFAULT-HOSTNAME="kholo-may-boutique.scm.azurewebsites.net" X-Forwarded-Proto="https" X-AppService-Proto="https" X-Forwarded-TlsVersion="1.3" X-WAWS-Unencoded-URL="/api/deployments/latest" X-Client-IP="105.245.240.153" X-Client-Port="58567" >
  <step title="Cleanup Xml Logs" date="2026-02-24T06:39:57.230" >
    <step title="Cleanup Infos" date="2026-02-24T06:39:57.256" totalFiles="313" totalCleanup="153" /><!-- duration: 8ms -->
  </step><!-- duration: 41ms -->
  <step title="DeploymentService.GetResult" date="2026-02-24T06:39:57.313" >
    <step title="DeploymentService.GetLatestDeployment" date="2026-02-24T06:39:57.343" >
      <step title="DeploymentManager.GetResults" date="2026-02-24T06:39:57.351" /><!-- duration: 1021ms -->
    </step><!-- duration: 1035ms -->
  </step><!-- duration: 1069ms -->
  <step title="Outgoing response" date="2026-02-24T06:39:58.387" type="response" statusCode="202" statusText="Accepted" /><!-- duration: 4ms -->
</step><!-- duration: 1179ms -->
