<step title="Incoming Request" date="2026-02-24T07:24:28.351" instance="c8e42a" url="/api/deployments/latest?deployer=OneDeploy&amp;time=2026-02-24_07-22-11Z" method="GET" type="request" pid="833,1,7" Host="kholo-may-boutique.scm.azurewebsites.net" User-Agent="GITHUBACTIONS_DeployWebAppToAzure_18fab4e0fe05a7107e4bbad74201faccf5554886db050fe096de485e629b71eb" Authorization="Bea..." Content-Type="application/json; charset=utf-8" Cookie="ARRAffinity=c8e42a2e9282e266f7f8208800e3f3003a7d6e8149859585d969c3187d57e418;Path=/;HttpOnly;Secure;Domain=kholo-may-boutique.scm.azurewebsites.net; ARRAffinitySameSite=c8e42a2e9282e266f7f8208800e3f3003a7d6e8149859585d969c3187d57e418;Path=/;HttpOnly;SameSite=None;Secure;Domain=kholo-may-boutique.scm.azurewebsites.net" Content-Length="0" X-ARR-LOG-ID="1125f98d-a8bf-454d-b7dd-93245d9d40d4" CLIENT-IP="64.236.140.181:18463" X-SITE-DEPLOYMENT-ID="kholo-may-boutique" WAS-DEFAULT-HOSTNAME="kholo-may-boutique.scm.azurewebsites.net" X-Forwarded-Proto="https" X-AppService-Proto="https" X-Forwarded-TlsVersion="1.3" X-WAWS-Unencoded-URL="/api/deployments/latest?deployer=OneDeploy&amp;time=2026-02-24_07-22-11Z" X-Client-IP="64.236.140.181" X-Client-Port="18463" >
  <step title="Cleanup Xml Logs" date="2026-02-24T07:24:28.379" >
    <step title="Cleanup Infos" date="2026-02-24T07:24:28.450" totalFiles="463" totalCleanup="303" /><!-- duration: 42ms -->
  </step><!-- duration: 141ms -->
  <step title="DeploymentService.GetResult" date="2026-02-24T07:24:28.552" >
    <step title="DeploymentService.GetLatestDeployment" date="2026-02-24T07:24:28.580" >
      <step title="DeploymentManager.GetResults" date="2026-02-24T07:24:28.592" /><!-- duration: 968ms -->
    </step><!-- duration: 1003ms -->
  </step><!-- duration: 1049ms -->
  <step title="Outgoing response" date="2026-02-24T07:24:29.613" type="response" statusCode="202" statusText="Accepted" /><!-- duration: 20ms -->
</step><!-- duration: 1292ms -->
