<step title="Incoming Request" date="2026-02-24T07:21:03.072" instance="c8e42a" url="/api/deployments/latest" method="GET" type="request" pid="833,1,34" Accept="*/*" Host="kholo-may-boutique.scm.azurewebsites.net" User-Agent="AZURECLI/2.83.0 (MSI)" Accept-Encoding="gzip, deflate" Authorization="Bea..." x-ms-client-request-id="3a08599c-1151-11f1-b6e4-c0b5d71b77b6" X-ARR-LOG-ID="3a08599c-1151-11f1-b6e4-c0b5d71b77b6" CLIENT-IP="105.245.240.153:46491" X-SITE-DEPLOYMENT-ID="kholo-may-boutique" WAS-DEFAULT-HOSTNAME="kholo-may-boutique.scm.azurewebsites.net" X-Forwarded-Proto="https" X-AppService-Proto="https" X-Forwarded-TlsVersion="1.3" X-WAWS-Unencoded-URL="/api/deployments/latest" X-Client-IP="105.245.240.153" X-Client-Port="46491" >
  <step title="Cleanup Xml Logs" date="2026-02-24T07:21:03.076" >
    <step title="Cleanup Infos" date="2026-02-24T07:21:03.088" totalFiles="439" totalCleanup="279" /><!-- duration: 6ms -->
  </step><!-- duration: 35ms -->
  <step title="DeploymentService.GetResult" date="2026-02-24T07:21:03.121" >
    <step title="DeploymentService.GetLatestDeployment" date="2026-02-24T07:21:03.132" >
      <step title="DeploymentManager.GetResults" date="2026-02-24T07:21:03.145" /><!-- duration: 1587ms -->
    </step><!-- duration: 1610ms -->
  </step><!-- duration: 1633ms -->
  <step title="Outgoing response" date="2026-02-24T07:21:04.831" type="response" statusCode="202" statusText="Accepted" /><!-- duration: 40ms -->
</step><!-- duration: 1821ms -->
