<step title="Incoming Request" date="2026-02-24T07:23:14.851" instance="c8e42a" url="/api/deployments/latest?deployer=OneDeploy&amp;time=2026-02-24_07-22-11Z" method="GET" type="request" pid="833,1,16" Host="kholo-may-boutique.scm.azurewebsites.net" User-Agent="GITHUBACTIONS_DeployWebAppToAzure_18fab4e0fe05a7107e4bbad74201faccf5554886db050fe096de485e629b71eb" Authorization="Bea..." Content-Type="application/json; charset=utf-8" Cookie="ARRAffinity=c8e42a2e9282e266f7f8208800e3f3003a7d6e8149859585d969c3187d57e418;Path=/;HttpOnly;Secure;Domain=kholo-may-boutique.scm.azurewebsites.net; ARRAffinitySameSite=c8e42a2e9282e266f7f8208800e3f3003a7d6e8149859585d969c3187d57e418;Path=/;HttpOnly;SameSite=None;Secure;Domain=kholo-may-boutique.scm.azurewebsites.net" Content-Length="0" X-ARR-LOG-ID="5a12b8b1-c17c-4ae0-b9bc-b385d95c7df9" CLIENT-IP="64.236.140.181:18461" X-SITE-DEPLOYMENT-ID="kholo-may-boutique" WAS-DEFAULT-HOSTNAME="kholo-may-boutique.scm.azurewebsites.net" X-Forwarded-Proto="https" X-AppService-Proto="https" X-Forwarded-TlsVersion="1.3" X-WAWS-Unencoded-URL="/api/deployments/latest?deployer=OneDeploy&amp;time=2026-02-24_07-22-11Z" X-Client-IP="64.236.140.181" X-Client-Port="18461" >
  <step title="Cleanup Xml Logs" date="2026-02-24T07:23:14.860" >
    <step title="Cleanup Infos" date="2026-02-24T07:23:14.939" totalFiles="453" totalCleanup="293" /><!-- duration: 91ms -->
  </step><!-- duration: 209ms -->
  <step title="DeploymentService.GetResult" date="2026-02-24T07:23:15.101" >
    <step title="DeploymentService.GetLatestDeployment" date="2026-02-24T07:23:15.120" >
      <step title="DeploymentManager.GetResults" date="2026-02-24T07:23:15.130" /><!-- duration: 1203ms -->
    </step><!-- duration: 1251ms -->
  </step><!-- duration: 1279ms -->
  <step title="Outgoing response" date="2026-02-24T07:23:16.421" type="response" statusCode="202" statusText="Accepted" /><!-- duration: 9ms -->
</step><!-- duration: 1590ms -->
