<step title="Incoming Request" date="2026-02-23T21:48:21.661" instance="c8e42a" url="/api/deployments/latest?deployer=OneDeploy&amp;time=2026-02-23_21-46-58Z" method="GET" type="request" pid="833,1,64" Host="kholo-may-boutique.scm.azurewebsites.net" User-Agent="GITHUBACTIONS_DeployWebAppToAzure_18fab4e0fe05a7107e4bbad74201faccf5554886db050fe096de485e629b71eb" Authorization="Bea..." Content-Type="application/json; charset=utf-8" Cookie="ARRAffinity=c8e42a2e9282e266f7f8208800e3f3003a7d6e8149859585d969c3187d57e418;Path=/;HttpOnly;Secure;Domain=kholo-may-boutique.scm.azurewebsites.net; ARRAffinitySameSite=c8e42a2e9282e266f7f8208800e3f3003a7d6e8149859585d969c3187d57e418;Path=/;HttpOnly;SameSite=None;Secure;Domain=kholo-may-boutique.scm.azurewebsites.net" Content-Length="0" X-ARR-LOG-ID="c3098356-bd83-41fb-839d-b3b43367f3ad" CLIENT-IP="135.232.216.53:18492" X-SITE-DEPLOYMENT-ID="kholo-may-boutique" WAS-DEFAULT-HOSTNAME="kholo-may-boutique.scm.azurewebsites.net" X-Forwarded-Proto="https" X-AppService-Proto="https" X-Forwarded-TlsVersion="1.3" X-WAWS-Unencoded-URL="/api/deployments/latest?deployer=OneDeploy&amp;time=2026-02-23_21-46-58Z" X-Client-IP="135.232.216.53" X-Client-Port="18492" >
  <step title="Cleanup Xml Logs" date="2026-02-23T21:48:21.700" >
    <step title="Cleanup Infos" date="2026-02-23T21:48:21.800" totalFiles="278" totalCleanup="118" /><!-- duration: 30ms -->
  </step><!-- duration: 142ms -->
  <step title="DeploymentService.GetResult" date="2026-02-23T21:48:21.881" >
    <step title="DeploymentService.GetLatestDeployment" date="2026-02-23T21:48:21.892" >
      <step title="DeploymentManager.GetResults" date="2026-02-23T21:48:21.952" /><!-- duration: 1175ms -->
    </step><!-- duration: 1275ms -->
  </step><!-- duration: 1291ms -->
  <step title="Outgoing response" date="2026-02-23T21:48:23.180" type="response" statusCode="202" statusText="Accepted" /><!-- duration: 5ms -->
</step><!-- duration: 1537ms -->
