<step title="Incoming Request" date="2026-02-23T19:01:34.591" instance="c8e42a" url="/api/publish?async=true&amp;deployer=GITHUB_ONE_DEPLOY&amp;type=zip&amp;message=%7B%22type%22%3A%22deployment%22%2C%22sha%22%3A%220664a1d644a19b109a2f2d0fe597d96d8d7abdb2%22%2C%22repoName%22%3A%22MorokaPrince%2FKholo-May_Boutique%22%2C%22actor%22%3A%22MorokaPrince%22%2C%22slotName%22%3A%22Production%22%2C%22commitMessage%22%3A%22Merge%20branch%20%27main%27%20of%20https%3A%2F%2Fgithub.com%2FMorokaPrince%2FKholo-May_Boutique%22%7D" method="POST" type="request" pid="833,1,24" Host="kholo-may-boutique.scm.azurewebsites.net" User-Agent="GITHUBACTIONS_DeployWebAppToAzure_18fab4e0fe05a7107e4bbad74201faccf5554886db050fe096de485e629b71eb" Authorization="Bea..." Content-Type="application/octet-stream" Cookie="ARRAffinity=c8e42a2e9282e266f7f8208800e3f3003a7d6e8149859585d969c3187d57e418;Path=/;HttpOnly;Secure;Domain=kholo-may-boutique.scm.azurewebsites.net; ARRAffinitySameSite=c8e42a2e9282e266f7f8208800e3f3003a7d6e8149859585d969c3187d57e418;Path=/;HttpOnly;SameSite=None;Secure;Domain=kholo-may-boutique.scm.azurewebsites.net" Transfer-Encoding="chunked" X-ARR-LOG-ID="1c4dfb3c-097e-4bb1-a079-c8855640dc95" CLIENT-IP="52.157.2.241:61450" X-SITE-DEPLOYMENT-ID="kholo-may-boutique" WAS-DEFAULT-HOSTNAME="kholo-may-boutique.scm.azurewebsites.net" X-Forwarded-Proto="https" X-AppService-Proto="https" X-Forwarded-TlsVersion="1.3" X-WAWS-Unencoded-URL="/api/publish?async=true&amp;deployer=GITHUB_ONE_DEPLOY&amp;type=zip&amp;message=%7B%22type%22%3A%22deployment%22%2C%22sha%22%3A%220664a1d644a19b109a2f2d0fe597d96d8d7abdb2%22%2C%22repoName%22%3A%22MorokaPrince%2FKholo-May_Boutique%22%2C%22actor%22%3A%22MorokaPrince%22%2C%22slotName%22%3A%22Production%22%2C%22commitMessage%22%3A%22Merge%20branch%20%27main%27%20of%20https%3A%2F%2Fgithub.com%2FMorokaPrince%2FKholo-May_Boutique%22%7D" X-Client-IP="52.157.2.241" X-Client-Port="61450" >
  <step title="Cleanup Xml Logs" date="2026-02-23T19:01:34.602" /><!-- duration: 109ms -->
  <step title="OneDeploy" date="2026-02-23T19:01:34.892" >
    <step title="Starting PushDeployAsync" date="2026-02-23T19:01:35.142" /><!-- duration: 21ms -->
    <step title="Writing artifact to /tmp/zipdeploy/5ce57b37-62a8-4826-b910-6cd1da0f2e6e.zip" date="2026-02-23T19:01:35.254" >
      <step title="Writing multipart request body to /tmp/zipdeploy/5ce57b37-62a8-4826-b910-6cd1da0f2e6e.zip" date="2026-02-23T19:01:35.324" /><!-- duration: 32ms -->
    </step><!-- duration: 17031ms -->
    <step title="Start deployment in the background" date="2026-02-23T19:01:52.463" >
      <step title="Acquiring Deployment Lock" date="2026-02-23T19:01:52.737" /><!-- duration: 69ms -->
      <step title="Cannot Acquire Deployment Lock already held" date="2026-02-23T19:01:52.915" /><!-- duration: 40ms -->
    </step><!-- duration: 766ms -->
    <step title="There is a deployment currently in progress. Please try again when it completes." date="2026-02-23T19:01:53.297" /><!-- duration: 30ms -->
  </step><!-- duration: 18547ms -->
  <step title="Outgoing response" date="2026-02-23T19:01:53.531" type="response" statusCode="409" statusText="Conflict" /><!-- duration: 68ms -->
</step><!-- duration: 19050ms -->
