<step title="Incoming Request" date="2026-02-23T21:54:04.401" instance="c8e42a" url="/api/zipdeploy?isAsync=true" method="POST" type="request" pid="833,1,55" Accept="*/*" Host="kholo-may-boutique.scm.azurewebsites.net" User-Agent="AZURECLI/2.83.0 (MSI)" Accept-Encoding="gzip, deflate" Authorization="Bea..." Cache-Control="no-cache" Content-Type="application/octet-stream" Content-Length="25143121" x-ms-client-request-id="f4c0df3c-1101-11f1-84ce-c0b5d71b77b6" x-ms-artifact-checksum="fd5055f0a23d3da2e6eabe59d7ac479fa52756a6c88f13c0d31df590d1498185" X-ARR-LOG-ID="f4c0df3c-1101-11f1-84ce-c0b5d71b77b6" CLIENT-IP="105.245.240.153:59234" X-SITE-DEPLOYMENT-ID="kholo-may-boutique" WAS-DEFAULT-HOSTNAME="kholo-may-boutique.scm.azurewebsites.net" X-Forwarded-Proto="https" X-AppService-Proto="https" X-Forwarded-TlsVersion="1.3" X-WAWS-Unencoded-URL="/api/zipdeploy?isAsync=true" X-Client-IP="105.245.240.153" X-Client-Port="59234" >
  <step title="Cleanup Xml Logs" date="2026-02-23T21:54:04.404" >
    <step title="Cleanup Infos" date="2026-02-23T21:54:04.418" totalFiles="300" totalCleanup="140" /><!-- duration: 8ms -->
  </step><!-- duration: 27ms -->
  <step title="ZipPushDeploy" date="2026-02-23T21:54:04.453" >
    <step title="ZipDeploy. Extract zip." date="2026-02-23T21:54:04.464" /><!-- duration: 4ms -->
    <step title="Starting PushDeployAsync" date="2026-02-23T21:54:04.475" /><!-- duration: 4ms -->
    <step title="Removing _del_node_modules symlink" date="2026-02-23T21:54:04.503" >
      <step title="Writing artifact to /tmp/zipdeploy/04ba3476-f8f2-4d12-a599-8fb485a3a9f4.zip" date="2026-02-23T21:54:04.576" >
        <step title="Writing multipart request body to /tmp/zipdeploy/04ba3476-f8f2-4d12-a599-8fb485a3a9f4.zip" date="2026-02-23T21:54:04.584" /><!-- duration: 20ms -->
      </step><!-- duration: 18983ms -->
      <step title="Removing previous build artifact&apos;s manifest file" date="2026-02-23T21:54:23.589" >
        <step title="Start deployment in the background" date="2026-02-23T21:54:23.601" >
          <step title="Acquiring Deployment Lock" date="2026-02-23T21:54:23.649" /><!-- duration: 10ms -->
          <step title="Acquired Deployment Lock" date="2026-02-23T21:54:23.692" /><!-- duration: 4ms -->
        </step><!-- duration: 184ms -->
      </step><!-- duration: 202ms -->
      <step title="Outgoing response" date="2026-02-23T21:54:23.797" type="response" statusCode="202" statusText="Accepted" /><!-- duration: 5ms -->
    </step><!-- duration: 19329ms -->
