<step title="Incoming Request" date="2026-02-24T06:58:39.232" instance="c8e42a" url="/api/deployments/latest?deployer=OneDeploy&amp;time=2026-02-24_06-55-22Z" method="GET" type="request" pid="833,1,15" Host="kholo-may-boutique.scm.azurewebsites.net" User-Agent="GITHUBACTIONS_DeployWebAppToAzure_18fab4e0fe05a7107e4bbad74201faccf5554886db050fe096de485e629b71eb" Authorization="Bea..." Content-Type="application/json; charset=utf-8" Cookie="ARRAffinity=c8e42a2e9282e266f7f8208800e3f3003a7d6e8149859585d969c3187d57e418;Path=/;HttpOnly;Secure;Domain=kholo-may-boutique.scm.azurewebsites.net; ARRAffinitySameSite=c8e42a2e9282e266f7f8208800e3f3003a7d6e8149859585d969c3187d57e418;Path=/;HttpOnly;SameSite=None;Secure;Domain=kholo-may-boutique.scm.azurewebsites.net" Content-Length="0" X-ARR-LOG-ID="c73aca71-01c6-4dc2-8855-3eaa38af6bb1" CLIENT-IP="52.225.29.96:58325" X-SITE-DEPLOYMENT-ID="kholo-may-boutique" WAS-DEFAULT-HOSTNAME="kholo-may-boutique.scm.azurewebsites.net" X-Forwarded-Proto="https" X-AppService-Proto="https" X-Forwarded-TlsVersion="1.3" X-WAWS-Unencoded-URL="/api/deployments/latest?deployer=OneDeploy&amp;time=2026-02-24_06-55-22Z" X-Client-IP="52.225.29.96" X-Client-Port="58325" >
  <step title="Cleanup Xml Logs" date="2026-02-24T06:58:39.259" >
    <step title="Cleanup Infos" date="2026-02-24T06:58:39.347" totalFiles="384" totalCleanup="224" /><!-- duration: 56ms -->
  </step><!-- duration: 174ms -->
  <step title="DeploymentService.GetResult" date="2026-02-24T06:58:39.554" >
    <step title="DeploymentService.GetLatestDeployment" date="2026-02-24T06:58:39.582" >
      <step title="DeploymentManager.GetResults" date="2026-02-24T06:58:39.594" /><!-- duration: 1498ms -->
    </step><!-- duration: 1520ms -->
  </step><!-- duration: 1558ms -->
  <step title="Outgoing response" date="2026-02-24T06:58:41.131" type="response" statusCode="202" statusText="Accepted" /><!-- duration: 11ms -->
</step><!-- duration: 1921ms -->
