<step title="Incoming Request" date="2026-02-24T07:22:21.139" instance="c8e42a" url="/api/deployments/latest?deployer=OneDeploy&amp;time=2026-02-24_07-22-11Z" method="GET" type="request" pid="833,1,34" Host="kholo-may-boutique.scm.azurewebsites.net" User-Agent="GITHUBACTIONS_DeployWebAppToAzure_18fab4e0fe05a7107e4bbad74201faccf5554886db050fe096de485e629b71eb" Authorization="Bea..." Content-Type="application/json; charset=utf-8" Cookie="ARRAffinity=c8e42a2e9282e266f7f8208800e3f3003a7d6e8149859585d969c3187d57e418;Path=/;HttpOnly;Secure;Domain=kholo-may-boutique.scm.azurewebsites.net; ARRAffinitySameSite=c8e42a2e9282e266f7f8208800e3f3003a7d6e8149859585d969c3187d57e418;Path=/;HttpOnly;SameSite=None;Secure;Domain=kholo-may-boutique.scm.azurewebsites.net" Content-Length="0" X-ARR-LOG-ID="352af895-11af-4ee1-b5e6-de8085176a45" CLIENT-IP="64.236.140.181:18458" X-SITE-DEPLOYMENT-ID="kholo-may-boutique" WAS-DEFAULT-HOSTNAME="kholo-may-boutique.scm.azurewebsites.net" X-Forwarded-Proto="https" X-AppService-Proto="https" X-Forwarded-TlsVersion="1.3" X-WAWS-Unencoded-URL="/api/deployments/latest?deployer=OneDeploy&amp;time=2026-02-24_07-22-11Z" X-Client-IP="64.236.140.181" X-Client-Port="18458" >
  <step title="Cleanup Xml Logs" date="2026-02-24T07:22:21.257" >
    <step title="Cleanup Infos" date="2026-02-24T07:22:21.480" totalFiles="447" totalCleanup="287" /><!-- duration: 161ms -->
  </step><!-- duration: 445ms -->
  <step title="DeploymentService.GetResult" date="2026-02-24T07:22:21.781" >
    <step title="DeploymentService.GetLatestDeployment" date="2026-02-24T07:22:21.842" >
      <step title="DeploymentManager.GetResults" date="2026-02-24T07:22:21.941" /><!-- duration: 4581ms -->
    </step><!-- duration: 4831ms -->
  </step><!-- duration: 4981ms -->
  <step title="Outgoing response" date="2026-02-24T07:22:26.823" type="response" statusCode="202" statusText="Accepted" /><!-- duration: 70ms -->
</step><!-- duration: 5795ms -->
