<step title="Incoming Request" date="2026-02-24T07:20:37.647" instance="c8e42a" url="/api/zipdeploy?isAsync=true" method="POST" type="request" pid="833,1,22" Accept="*/*" Host="kholo-may-boutique.scm.azurewebsites.net" User-Agent="AZURECLI/2.83.0 (MSI)" Accept-Encoding="gzip, deflate" Authorization="Bea..." Cache-Control="no-cache" Content-Type="application/octet-stream" Content-Length="25432899" x-ms-client-request-id="3a08599c-1151-11f1-b6e4-c0b5d71b77b6" x-ms-artifact-checksum="80a8fc36e2441b2abe218bedadbab9c4ff63aed26611215edbf9d1607a11efb1" X-ARR-LOG-ID="3a08599c-1151-11f1-b6e4-c0b5d71b77b6" CLIENT-IP="105.245.240.153:37346" X-SITE-DEPLOYMENT-ID="kholo-may-boutique" WAS-DEFAULT-HOSTNAME="kholo-may-boutique.scm.azurewebsites.net" X-Forwarded-Proto="https" X-AppService-Proto="https" X-Forwarded-TlsVersion="1.3" X-WAWS-Unencoded-URL="/api/zipdeploy?isAsync=true" X-Client-IP="105.245.240.153" X-Client-Port="37346" >
  <step title="Cleanup Xml Logs" date="2026-02-24T07:20:37.650" >
    <step title="Cleanup Infos" date="2026-02-24T07:20:37.660" totalFiles="437" totalCleanup="277" /><!-- duration: 15ms -->
  </step><!-- duration: 29ms -->
  <step title="ZipPushDeploy" date="2026-02-24T07:20:37.697" >
    <step title="ZipDeploy. Extract zip." date="2026-02-24T07:20:37.705" /><!-- duration: 3ms -->
    <step title="Starting PushDeployAsync" date="2026-02-24T07:20:37.713" /><!-- duration: 3ms -->
    <step title="Removing _del_node_modules symlink" date="2026-02-24T07:20:37.733" >
      <step title="Writing artifact to /tmp/zipdeploy/e0630c6f-818f-4eda-8c34-7a9d5dae601a.zip" date="2026-02-24T07:20:37.801" >
        <step title="Writing multipart request body to /tmp/zipdeploy/e0630c6f-818f-4eda-8c34-7a9d5dae601a.zip" date="2026-02-24T07:20:37.808" /><!-- duration: 13ms -->
      </step><!-- duration: 14637ms -->
      <step title="Removing previous build artifact&apos;s manifest file" date="2026-02-24T07:20:52.467" >
        <step title="Start deployment in the background" date="2026-02-24T07:20:52.477" >
          <step title="Acquiring Deployment Lock" date="2026-02-24T07:20:52.538" /><!-- duration: 7ms -->
          <step title="Acquired Deployment Lock" date="2026-02-24T07:20:52.567" /><!-- duration: 3ms -->
        </step><!-- duration: 162ms -->
      </step><!-- duration: 182ms -->
      <step title="Outgoing response" date="2026-02-24T07:20:52.660" type="response" statusCode="202" statusText="Accepted" /><!-- duration: 19ms -->
    </step><!-- duration: 14956ms -->
