<step title="Incoming Request" date="2026-02-23T21:46:43.562" instance="c8e42a" url="/api/publish?async=true&amp;deployer=GITHUB_ONE_DEPLOY&amp;type=zip&amp;message=%7B%22type%22%3A%22deployment%22%2C%22sha%22%3A%226486bcc12b5e41e261a64d5b2975bc9012a00bbe%22%2C%22repoName%22%3A%22MorokaPrince%2FKholo-May_Boutique%22%2C%22actor%22%3A%22MorokaPrince%22%2C%22slotName%22%3A%22Production%22%2C%22commitMessage%22%3A%22feat(checkout)%3A%20add%20multiple%20shipping%20options%20and%20enhance%20payment%20methods%5Cn%5CnAdd%205%20shipping%20options%20(In-Store%2C%20Paxi%2C%20PUDO%2C%20Courier%20Guy%2C%20Aramex)%20with%5Cndynamic%20pricing%20and%20free%20shipping%20eligibility%20for%20orders%20over%20R500.%5CnReorganize%20payment%20methods%20with%20Payflex%20as%20recommended%20option%2C%20add%20Bank%5CnTransfer%20(EFT)%20option%2C%20and%20improve%20selection%20UI%20with%20icons%20and%20styling.%5CnAdd%20store%20contact%20information%20throughout%20checkout%20flow%20and%20ADMIN_GUIDE.md%5Cndocumentation.%22%7D" method="POST" type="request" pid="833,1,63" Host="kholo-may-boutique.scm.azurewebsites.net" User-Agent="GITHUBACTIONS_DeployWebAppToAzure_18fab4e0fe05a7107e4bbad74201faccf5554886db050fe096de485e629b71eb" Authorization="Bea..." Content-Type="application/octet-stream" Cookie="ARRAffinity=c8e42a2e9282e266f7f8208800e3f3003a7d6e8149859585d969c3187d57e418;Path=/;HttpOnly;Secure;Domain=kholo-may-boutique.scm.azurewebsites.net; ARRAffinitySameSite=c8e42a2e9282e266f7f8208800e3f3003a7d6e8149859585d969c3187d57e418;Path=/;HttpOnly;SameSite=None;Secure;Domain=kholo-may-boutique.scm.azurewebsites.net" Transfer-Encoding="chunked" X-ARR-LOG-ID="c5cb1825-bddf-4a12-ada5-743850ec2c13" CLIENT-IP="135.232.216.53:18488" X-SITE-DEPLOYMENT-ID="kholo-may-boutique" WAS-DEFAULT-HOSTNAME="kholo-may-boutique.scm.azurewebsites.net" X-Forwarded-Proto="https" X-AppService-Proto="https" X-Forwarded-TlsVersion="1.3" X-WAWS-Unencoded-URL="/api/publish?async=true&amp;deployer=GITHUB_ONE_DEPLOY&amp;type=zip&amp;message=%7B%22type%22%3A%22deployment%22%2C%22sha%22%3A%226486bcc12b5e41e261a64d5b2975bc9012a00bbe%22%2C%22repoName%22%3A%22MorokaPrince%2FKholo-May_Boutique%22%2C%22actor%22%3A%22MorokaPrince%22%2C%22slotName%22%3A%22Production%22%2C%22commitMessage%22%3A%22feat(checkout)%3A%20add%20multiple%20shipping%20options%20and%20enhance%20payment%20methods%5Cn%5CnAdd%205%20shipping%20options%20(In-Store%2C%20Paxi%2C%20PUDO%2C%20Courier%20Guy%2C%20Aramex)%20with%5Cndynamic%20pricing%20and%20free%20shipping%20eligibility%20for%20orders%20over%20R500.%5CnReorganize%20payment%20methods%20with%20Payflex%20as%20recommended%20option%2C%20add%20Bank%5CnTransfer%20(EFT)%20option%2C%20and%20improve%20selection%20UI%20with%20icons%20and%20styling.%5CnAdd%20store%20contact%20information%20throughout%20checkout%20flow%20and%20ADMIN_GUIDE.md%5Cndocumentation.%22%7D" X-Client-IP="135.232.216.53" X-Client-Port="18488" >
  <step title="Cleanup Xml Logs" date="2026-02-23T21:46:43.566" >
    <step title="Cleanup Infos" date="2026-02-23T21:46:43.577" totalFiles="266" totalCleanup="106" /><!-- duration: 7ms -->
  </step><!-- duration: 21ms -->
  <step title="OneDeploy" date="2026-02-23T21:46:43.612" >
    <step title="Starting PushDeployAsync" date="2026-02-23T21:46:43.630" /><!-- duration: 4ms -->
    <step title="Removing _del_node_modules symlink" date="2026-02-23T21:46:43.663" >
      <step title="Writing artifact to /tmp/zipdeploy/a0c66f57-8af3-4834-af4d-35ba96d75eb0.zip" date="2026-02-23T21:46:43.732" >
        <step title="Writing multipart request body to /tmp/zipdeploy/a0c66f57-8af3-4834-af4d-35ba96d75eb0.zip" date="2026-02-23T21:46:43.738" /><!-- duration: 7ms -->
      </step><!-- duration: 14502ms -->
      <step title="Start deployment in the background" date="2026-02-23T21:46:58.253" >
        <step title="Acquiring Deployment Lock" date="2026-02-23T21:46:58.303" /><!-- duration: 5ms -->
        <step title="Acquired Deployment Lock" date="2026-02-23T21:46:58.336" /><!-- duration: 9ms -->
      </step><!-- duration: 195ms -->
    </step><!-- duration: 14796ms -->
    <step title="Outgoing response" date="2026-02-23T21:46:58.467" type="response" statusCode="202" statusText="Accepted" /><!-- duration: 11ms -->
  </step><!-- duration: 14876ms -->
