<step title="BackgroundTrace" date="2026-02-24T06:44:42.800" instance="c8e42a" url="/api/publish" method="POST" >
  <step title="Cleanup Xml Logs" date="2026-02-24T06:44:42.810" >
    <step title="Cleanup Infos" date="2026-02-24T06:44:42.819" totalFiles="321" totalCleanup="161" /><!-- duration: 4ms -->
  </step><!-- duration: 16ms -->
  <step title="Creating temporary deployment - FetchDeploymentManager" date="2026-02-24T06:44:42.954" /><!-- duration: 3ms -->
  <step title="Creating temporary deployment" date="2026-02-24T06:44:42.962" /><!-- duration: 87ms -->
  <step title="Performing fetch based deployment" date="2026-02-24T06:44:43.106" >
    <step title="Cleaning up temp folders from previous zip deployments and extracting pushed zip file /tmp/zipdeploy/c271555e-23dc-4706-8662-c6f27adae42b.zip (199.85 MB) to /tmp/zipdeploy/extracted" date="2026-02-24T06:44:44.295" >
      <step title="ChmodRecursive Process exited with total time taken in ms: 903" date="2026-02-24T06:45:18.596" /><!-- duration: 4ms -->
    </step><!-- duration: 34320ms -->
    <step title="Deployment timer started" date="2026-02-24T06:45:20.650" >
      <step title="DeploymentManager.Deploy(id:de9c410d-bc48-4e51-befe-69e5bbe50bde)" date="2026-02-24T06:45:20.663" >
        <step title="Collecting changeset information" date="2026-02-24T06:45:20.704" /><!-- duration: 156ms -->
        <step title="Updating submodules" date="2026-02-24T06:45:20.865" /><!-- duration: 1215ms -->
        <step title="Determining deployment builder" date="2026-02-24T06:45:22.297" >
          <step title="Builder is OneDeployBuilder" date="2026-02-24T06:45:22.319" /><!-- duration: 4ms -->
        </step><!-- duration: 31ms -->
        <step title="PreDeployment: context.CleanOutputPath False" date="2026-02-24T06:45:22.386" >
          <step title="PreDeployment: context.OutputPath /home/site/wwwroot" date="2026-02-24T06:45:22.500" >
            <step title="Building" date="2026-02-24T06:45:22.640" >
              <step title="Executing external process" date="2026-02-24T06:45:23.379" type="process" path="starter.sh" arguments="/opt/Kudu/Scripts/absoluteTar.sh /tmp/zipdeploy/extracted/node_modules /tmp/zipdeploy/extracted/node_modules.tar.gz" >
                <step title="Cpu: gzip(936,42.370s)+sh(935,0.010s)+tar(934,3.300s)+absoluteTar.sh(933,0.010s)=total(45.680s)" date="2026-02-24T06:46:23.899" /><!-- duration: 29ms -->
                <step title="starter.sh: no io activity for 60s, prev-cpu=-1.000s, current-cpu=45.680s" date="2026-02-24T06:46:23.949" /><!-- duration: 41ms -->
                <step title="Cpu: gzip(936,81.470s)+sh(935,0.010s)+tar(934,4.500s)+absoluteTar.sh(933,0.010s)=total(85.990s)" date="2026-02-24T06:47:24.496" /><!-- duration: 30ms -->
                <step title="starter.sh: no io activity for 121s, prev-cpu=45.680s, current-cpu=85.990s" date="2026-02-24T06:47:24.617" /><!-- duration: 79ms -->
              </step><!-- duration: 150687ms -->
              <step title="Executing external process" date="2026-02-24T06:47:54.684" type="process" path="starter.sh" arguments="/opt/Kudu/Scripts/parallel_rsync.sh /tmp/zipdeploy/extracted /home/site/wwwroot 8 /tmp/ False False node_modules " /><!-- duration: 30329ms -->
              <step title="Modified file to trigger a restart of the app container." date="2026-02-24T06:48:26.138" /><!-- duration: 18ms -->
              <step title="Skip function trigger and logicapp sync because function is not enabled." date="2026-02-24T06:48:26.174" /><!-- duration: 29ms -->
            </step><!-- duration: 184779ms -->
          </step><!-- duration: 184976ms -->
          <step title="Cleaning up temp files" date="2026-02-24T06:48:27.484" /><!-- duration: 31ms -->
          <step title="Cleaning up temp files" date="2026-02-24T06:48:27.534" /><!-- duration: 534ms -->
          <step title="Reloading status file with latest updates" date="2026-02-24T06:48:28.106" >
            <step title="WebHooksManager.PublishEventAsync: PostDeployment" date="2026-02-24T06:48:28.124" /><!-- duration: 193ms -->
          </step><!-- duration: 230ms -->
          <step title="Cleaning up temporary deployment - fetch deployment was successful" date="2026-02-24T06:48:28.388" /><!-- duration: 10ms -->
        </step><!-- duration: 186114ms -->
      </step><!-- duration: 187874ms -->
