<step title="BackgroundTrace" date="2026-02-24T06:55:21.969" instance="c8e42a" url="/api/publish" method="POST" >
  <step title="Cleanup Xml Logs" date="2026-02-24T06:55:21.976" >
    <step title="Cleanup Infos" date="2026-02-24T06:55:21.985" totalFiles="354" totalCleanup="194" /><!-- duration: 4ms -->
  </step><!-- duration: 16ms -->
  <step title="Creating temporary deployment - FetchDeploymentManager" date="2026-02-24T06:55:22.104" /><!-- duration: 3ms -->
  <step title="Creating temporary deployment" date="2026-02-24T06:55:22.112" /><!-- duration: 55ms -->
  <step title="Performing fetch based deployment" date="2026-02-24T06:55:22.213" >
    <step title="Cleaning up temp folders from previous zip deployments and extracting pushed zip file /tmp/zipdeploy/8ceca255-ba0c-4fb2-bf58-240f92811632.zip (199.85 MB) to /tmp/zipdeploy/extracted" date="2026-02-24T06:55:23.997" >
      <step title="ChmodRecursive Process exited with total time taken in ms: 592" date="2026-02-24T06:56:02.593" /><!-- duration: 11ms -->
    </step><!-- duration: 38646ms -->
    <step title="Deployment timer started" date="2026-02-24T06:56:04.703" >
      <step title="DeploymentManager.Deploy(id:d5baeee6-7f07-4464-a033-7e4a19107013)" date="2026-02-24T06:56:04.708" >
        <step title="Collecting changeset information" date="2026-02-24T06:56:04.719" /><!-- duration: 74ms -->
        <step title="Updating submodules" date="2026-02-24T06:56:04.822" /><!-- duration: 1142ms -->
        <step title="Determining deployment builder" date="2026-02-24T06:56:06.447" >
          <step title="Builder is OneDeployBuilder" date="2026-02-24T06:56:06.482" /><!-- duration: 3ms -->
        </step><!-- duration: 52ms -->
        <step title="PreDeployment: context.CleanOutputPath False" date="2026-02-24T06:56:06.548" >
          <step title="PreDeployment: context.OutputPath /home/site/wwwroot" date="2026-02-24T06:56:06.663" >
            <step title="Building" date="2026-02-24T06:56:06.805" >
              <step title="Executing external process" date="2026-02-24T06:56:07.373" type="process" path="starter.sh" arguments="/opt/Kudu/Scripts/absoluteTar.sh /tmp/zipdeploy/extracted/node_modules /tmp/zipdeploy/extracted/node_modules.tar.gz" >
                <step title="Cpu: gzip(1151,42.450s)+sh(1150,0.000s)+tar(1149,3.680s)+absoluteTar.sh(1148,0.000s)=total(46.130s)" date="2026-02-24T06:57:07.842" /><!-- duration: 20ms -->
                <step title="starter.sh: no io activity for 60s, prev-cpu=-1.000s, current-cpu=46.130s" date="2026-02-24T06:57:07.941" /><!-- duration: 71ms -->
                <step title="Cpu: gzip(1151,60.350s)+sh(1150,0.000s)+tar(1149,4.190s)+absoluteTar.sh(1148,0.000s)=total(64.540s)" date="2026-02-24T06:58:08.962" /><!-- duration: 69ms -->
                <step title="starter.sh: no io activity for 122s, prev-cpu=46.130s, current-cpu=64.540s" date="2026-02-24T06:58:09.052" /><!-- duration: 39ms -->
                <step title="Cpu: gzip(1151,91.800s)+sh(1150,0.000s)+tar(1149,5.240s)+absoluteTar.sh(1148,0.000s)=total(97.040s)" date="2026-02-24T06:59:09.507" /><!-- duration: 12ms -->
                <step title="starter.sh: no io activity for 182s, prev-cpu=64.540s, current-cpu=97.040s" date="2026-02-24T06:59:09.538" /><!-- duration: 11ms -->
              </step><!-- duration: 187315ms -->
              <step title="Executing external process" date="2026-02-24T06:59:14.929" type="process" path="starter.sh" arguments="/opt/Kudu/Scripts/parallel_rsync.sh /tmp/zipdeploy/extracted /home/site/wwwroot 8 /tmp/ False False node_modules " /><!-- duration: 21864ms -->
              <step title="Modified file to trigger a restart of the app container." date="2026-02-24T06:59:37.693" /><!-- duration: 5ms -->
              <step title="Skip function trigger and logicapp sync because function is not enabled." date="2026-02-24T06:59:37.704" /><!-- duration: 11ms -->
              <step title="Purge deployment items" date="2026-02-24T06:59:39.457" >
                <step title="Remove e4bde6d9-, Success, received at 02/23/2026 01:28:08" date="2026-02-24T06:59:39.503" /><!-- duration: 3ms -->
              </step><!-- duration: 53ms -->
            </step><!-- duration: 212811ms -->
          </step><!-- duration: 212994ms -->
          <step title="Cleaning up temp files" date="2026-02-24T06:59:39.685" /><!-- duration: 31ms -->
          <step title="Cleaning up temp files" date="2026-02-24T06:59:39.745" /><!-- duration: 514ms -->
          <step title="Reloading status file with latest updates" date="2026-02-24T06:59:40.281" >
            <step title="WebHooksManager.PublishEventAsync: PostDeployment" date="2026-02-24T06:59:40.284" /><!-- duration: 45ms -->
          </step><!-- duration: 52ms -->
          <step title="Cleaning up temporary deployment - fetch deployment was successful" date="2026-02-24T06:59:40.338" /><!-- duration: 3ms -->
        </step><!-- duration: 213856ms -->
      </step><!-- duration: 215708ms -->
