<step title="Incoming Request" date="2026-02-24T06:47:41.659" instance="c8e42a" url="/api/deployments/latest?deployer=OneDeploy&amp;time=2026-02-24_06-44-43Z" method="GET" type="request" pid="833,1,19" Host="kholo-may-boutique.scm.azurewebsites.net" User-Agent="GITHUBACTIONS_DeployWebAppToAzure_18fab4e0fe05a7107e4bbad74201faccf5554886db050fe096de485e629b71eb" Authorization="Bea..." Content-Type="application/json; charset=utf-8" Cookie="ARRAffinity=c8e42a2e9282e266f7f8208800e3f3003a7d6e8149859585d969c3187d57e418;Path=/;HttpOnly;Secure;Domain=kholo-may-boutique.scm.azurewebsites.net; ARRAffinitySameSite=c8e42a2e9282e266f7f8208800e3f3003a7d6e8149859585d969c3187d57e418;Path=/;HttpOnly;SameSite=None;Secure;Domain=kholo-may-boutique.scm.azurewebsites.net" Content-Length="0" X-ARR-LOG-ID="66efc607-eda3-41b1-b1d2-18ef85ccab10" CLIENT-IP="20.161.58.226:44033" X-SITE-DEPLOYMENT-ID="kholo-may-boutique" WAS-DEFAULT-HOSTNAME="kholo-may-boutique.scm.azurewebsites.net" X-Forwarded-Proto="https" X-AppService-Proto="https" X-Forwarded-TlsVersion="1.3" X-WAWS-Unencoded-URL="/api/deployments/latest?deployer=OneDeploy&amp;time=2026-02-24_06-44-43Z" X-Client-IP="20.161.58.226" X-Client-Port="44033" >
  <step title="Cleanup Xml Logs" date="2026-02-24T06:47:41.718" >
    <step title="Cleanup Infos" date="2026-02-24T06:47:41.781" totalFiles="345" totalCleanup="185" /><!-- duration: 40ms -->
  </step><!-- duration: 113ms -->
  <step title="DeploymentService.GetResult" date="2026-02-24T06:47:41.909" >
    <step title="DeploymentService.GetLatestDeployment" date="2026-02-24T06:47:41.959" >
      <step title="DeploymentManager.GetResults" date="2026-02-24T06:47:41.972" /><!-- duration: 1824ms -->
    </step><!-- duration: 1868ms -->
  </step><!-- duration: 1938ms -->
  <step title="Outgoing response" date="2026-02-24T06:47:43.906" type="response" statusCode="202" statusText="Accepted" /><!-- duration: 23ms -->
</step><!-- duration: 2289ms -->
