<step title="Incoming Request" date="2026-02-23T19:15:40.914" instance="c8e42a" url="/api/deployments/latest" method="GET" type="request" pid="833,1,24" Accept="*/*" Host="kholo-may-boutique.scm.azurewebsites.net" User-Agent="AZURECLI/2.83.0 (MSI)" Accept-Encoding="gzip, deflate" Authorization="Bea..." x-ms-client-request-id="d4bd4b0b-10eb-11f1-a502-c0b5d71b77b6" X-ARR-LOG-ID="d4bd4b0b-10eb-11f1-a502-c0b5d71b77b6" CLIENT-IP="105.245.240.153:35159" X-SITE-DEPLOYMENT-ID="kholo-may-boutique" WAS-DEFAULT-HOSTNAME="kholo-may-boutique.scm.azurewebsites.net" X-Forwarded-Proto="https" X-AppService-Proto="https" X-Forwarded-TlsVersion="1.3" X-WAWS-Unencoded-URL="/api/deployments/latest" X-Client-IP="105.245.240.153" X-Client-Port="35159" >
  <step title="Cleanup Xml Logs" date="2026-02-23T19:15:40.920" >
    <step title="Cleanup Infos" date="2026-02-23T19:15:40.995" totalFiles="217" totalCleanup="57" /><!-- duration: 14ms -->
  </step><!-- duration: 119ms -->
  <step title="DeploymentService.GetResult" date="2026-02-23T19:15:41.051" >
    <step title="DeploymentService.GetLatestDeployment" date="2026-02-23T19:15:41.121" >
      <step title="DeploymentManager.GetResults" date="2026-02-23T19:15:41.154" /><!-- duration: 1181ms -->
    </step><!-- duration: 1244ms -->
  </step><!-- duration: 1355ms -->
  <step title="Outgoing response" date="2026-02-23T19:15:42.446" type="response" statusCode="202" statusText="Accepted" /><!-- duration: 22ms -->
</step><!-- duration: 1595ms -->
