<step title="Incoming Request" date="2026-02-24T06:58:31.419" instance="c8e42a" url="/api/deployments/latest?deployer=OneDeploy&amp;time=2026-02-24_06-55-22Z" method="GET" type="request" pid="833,1,31" Host="kholo-may-boutique.scm.azurewebsites.net" User-Agent="GITHUBACTIONS_DeployWebAppToAzure_18fab4e0fe05a7107e4bbad74201faccf5554886db050fe096de485e629b71eb" Authorization="Bea..." Content-Type="application/json; charset=utf-8" Cookie="ARRAffinity=c8e42a2e9282e266f7f8208800e3f3003a7d6e8149859585d969c3187d57e418;Path=/;HttpOnly;Secure;Domain=kholo-may-boutique.scm.azurewebsites.net; ARRAffinitySameSite=c8e42a2e9282e266f7f8208800e3f3003a7d6e8149859585d969c3187d57e418;Path=/;HttpOnly;SameSite=None;Secure;Domain=kholo-may-boutique.scm.azurewebsites.net" Content-Length="0" X-ARR-LOG-ID="1f04381c-e8eb-432d-9c81-854a4c7f908a" CLIENT-IP="52.225.29.96:58324" X-SITE-DEPLOYMENT-ID="kholo-may-boutique" WAS-DEFAULT-HOSTNAME="kholo-may-boutique.scm.azurewebsites.net" X-Forwarded-Proto="https" X-AppService-Proto="https" X-Forwarded-TlsVersion="1.3" X-WAWS-Unencoded-URL="/api/deployments/latest?deployer=OneDeploy&amp;time=2026-02-24_06-55-22Z" X-Client-IP="52.225.29.96" X-Client-Port="58324" >
  <step title="Cleanup Xml Logs" date="2026-02-24T06:58:31.430" >
    <step title="Cleanup Infos" date="2026-02-24T06:58:31.507" totalFiles="383" totalCleanup="223" /><!-- duration: 21ms -->
  </step><!-- duration: 180ms -->
  <step title="DeploymentService.GetResult" date="2026-02-24T06:58:31.660" >
    <step title="DeploymentService.GetLatestDeployment" date="2026-02-24T06:58:31.679" >
      <step title="DeploymentManager.GetResults" date="2026-02-24T06:58:31.691" /><!-- duration: 1195ms -->
    </step><!-- duration: 1238ms -->
  </step><!-- duration: 1268ms -->
  <step title="Outgoing response" date="2026-02-24T06:58:32.955" type="response" statusCode="202" statusText="Accepted" /><!-- duration: 12ms -->
</step><!-- duration: 1558ms -->
