<step title="Incoming Request" date="2026-02-24T06:58:15.274" instance="c8e42a" url="/api/deployments/latest?deployer=OneDeploy&amp;time=2026-02-24_06-55-22Z" method="GET" type="request" pid="833,1,23" Host="kholo-may-boutique.scm.azurewebsites.net" User-Agent="GITHUBACTIONS_DeployWebAppToAzure_18fab4e0fe05a7107e4bbad74201faccf5554886db050fe096de485e629b71eb" Authorization="Bea..." Content-Type="application/json; charset=utf-8" Cookie="ARRAffinity=c8e42a2e9282e266f7f8208800e3f3003a7d6e8149859585d969c3187d57e418;Path=/;HttpOnly;Secure;Domain=kholo-may-boutique.scm.azurewebsites.net; ARRAffinitySameSite=c8e42a2e9282e266f7f8208800e3f3003a7d6e8149859585d969c3187d57e418;Path=/;HttpOnly;SameSite=None;Secure;Domain=kholo-may-boutique.scm.azurewebsites.net" Content-Length="0" X-ARR-LOG-ID="2856ead0-388f-4131-99c0-c59eb8be3783" CLIENT-IP="52.225.29.96:58322" X-SITE-DEPLOYMENT-ID="kholo-may-boutique" WAS-DEFAULT-HOSTNAME="kholo-may-boutique.scm.azurewebsites.net" X-Forwarded-Proto="https" X-AppService-Proto="https" X-Forwarded-TlsVersion="1.3" X-WAWS-Unencoded-URL="/api/deployments/latest?deployer=OneDeploy&amp;time=2026-02-24_06-55-22Z" X-Client-IP="52.225.29.96" X-Client-Port="58322" >
  <step title="Cleanup Xml Logs" date="2026-02-24T06:58:15.312" >
    <step title="Cleanup Infos" date="2026-02-24T06:58:15.354" totalFiles="381" totalCleanup="221" /><!-- duration: 21ms -->
  </step><!-- duration: 93ms -->
  <step title="DeploymentService.GetResult" date="2026-02-24T06:58:15.485" >
    <step title="DeploymentService.GetLatestDeployment" date="2026-02-24T06:58:15.495" >
      <step title="DeploymentManager.GetResults" date="2026-02-24T06:58:15.505" /><!-- duration: 1698ms -->
    </step><!-- duration: 1738ms -->
  </step><!-- duration: 1767ms -->
  <step title="Outgoing response" date="2026-02-24T06:58:17.282" type="response" statusCode="202" statusText="Accepted" /><!-- duration: 20ms -->
</step><!-- duration: 2048ms -->
