<step title="Incoming Request" date="2026-02-24T06:57:44.530" instance="c8e42a" url="/api/publish?async=true&amp;deployer=GITHUB_ONE_DEPLOY&amp;type=zip&amp;message=%7B%22type%22%3A%22deployment%22%2C%22sha%22%3A%223943d66263740dfb6025cbdd84d0b542f0700daf%22%2C%22repoName%22%3A%22MorokaPrince%2FKholo-May_Boutique%22%2C%22actor%22%3A%22MorokaPrince%22%2C%22slotName%22%3A%22Production%22%2C%22commitMessage%22%3A%22fix(contact)%3A%20add%20accessible%20title%20to%20map%20iframe%22%7D" method="POST" type="request" pid="833,1,23" Host="kholo-may-boutique.scm.azurewebsites.net" User-Agent="GITHUBACTIONS_DeployWebAppToAzure_18fab4e0fe05a7107e4bbad74201faccf5554886db050fe096de485e629b71eb" Authorization="Bea..." Content-Type="application/octet-stream" Cookie="ARRAffinity=c8e42a2e9282e266f7f8208800e3f3003a7d6e8149859585d969c3187d57e418;Path=/;HttpOnly;Secure;Domain=kholo-may-boutique.scm.azurewebsites.net; ARRAffinitySameSite=c8e42a2e9282e266f7f8208800e3f3003a7d6e8149859585d969c3187d57e418;Path=/;HttpOnly;SameSite=None;Secure;Domain=kholo-may-boutique.scm.azurewebsites.net" Transfer-Encoding="chunked" X-ARR-LOG-ID="f6a91d57-fdd4-419c-8dc0-cad0e26a3b7c" CLIENT-IP="52.242.243.97:55232" X-SITE-DEPLOYMENT-ID="kholo-may-boutique" WAS-DEFAULT-HOSTNAME="kholo-may-boutique.scm.azurewebsites.net" X-Forwarded-Proto="https" X-AppService-Proto="https" X-Forwarded-TlsVersion="1.3" X-WAWS-Unencoded-URL="/api/publish?async=true&amp;deployer=GITHUB_ONE_DEPLOY&amp;type=zip&amp;message=%7B%22type%22%3A%22deployment%22%2C%22sha%22%3A%223943d66263740dfb6025cbdd84d0b542f0700daf%22%2C%22repoName%22%3A%22MorokaPrince%2FKholo-May_Boutique%22%2C%22actor%22%3A%22MorokaPrince%22%2C%22slotName%22%3A%22Production%22%2C%22commitMessage%22%3A%22fix(contact)%3A%20add%20accessible%20title%20to%20map%20iframe%22%7D" X-Client-IP="52.242.243.97" X-Client-Port="55232" >
  <step title="OneDeploy" date="2026-02-24T06:57:44.700" >
    <step title="Starting PushDeployAsync" date="2026-02-24T06:57:44.818" /><!-- duration: 23ms -->
    <step title="Writing artifact to /tmp/zipdeploy/14a54b17-0e33-497e-baac-5521a61cf28f.zip" date="2026-02-24T06:57:45.019" >
      <step title="Writing multipart request body to /tmp/zipdeploy/14a54b17-0e33-497e-baac-5521a61cf28f.zip" date="2026-02-24T06:57:45.042" /><!-- duration: 39ms -->
    </step><!-- duration: 17245ms -->
    <step title="Start deployment in the background" date="2026-02-24T06:58:02.324" >
      <step title="Acquiring Deployment Lock" date="2026-02-24T06:58:02.507" /><!-- duration: 19ms -->
      <step title="Cannot Acquire Deployment Lock already held" date="2026-02-24T06:58:02.586" /><!-- duration: 11ms -->
    </step><!-- duration: 471ms -->
    <step title="There is a deployment currently in progress. Please try again when it completes." date="2026-02-24T06:58:02.808" /><!-- duration: 10ms -->
  </step><!-- duration: 18146ms -->
  <step title="Outgoing response" date="2026-02-24T06:58:02.889" type="response" statusCode="409" statusText="Conflict" /><!-- duration: 27ms -->
</step><!-- duration: 18527ms -->
