<step title="Incoming Request" date="2026-02-24T06:46:23.991" instance="c8e42a" url="/api/deployments/latest?deployer=OneDeploy&amp;time=2026-02-24_06-44-43Z" method="GET" type="request" pid="833,1,21" Host="kholo-may-boutique.scm.azurewebsites.net" User-Agent="GITHUBACTIONS_DeployWebAppToAzure_18fab4e0fe05a7107e4bbad74201faccf5554886db050fe096de485e629b71eb" Authorization="Bea..." Content-Type="application/json; charset=utf-8" Cookie="ARRAffinity=c8e42a2e9282e266f7f8208800e3f3003a7d6e8149859585d969c3187d57e418;Path=/;HttpOnly;Secure;Domain=kholo-may-boutique.scm.azurewebsites.net; ARRAffinitySameSite=c8e42a2e9282e266f7f8208800e3f3003a7d6e8149859585d969c3187d57e418;Path=/;HttpOnly;SameSite=None;Secure;Domain=kholo-may-boutique.scm.azurewebsites.net" Content-Length="0" X-ARR-LOG-ID="3fbac16f-7cbf-4b1f-ad2c-92724092a69c" CLIENT-IP="20.161.58.226:44033" X-SITE-DEPLOYMENT-ID="kholo-may-boutique" WAS-DEFAULT-HOSTNAME="kholo-may-boutique.scm.azurewebsites.net" X-Forwarded-Proto="https" X-AppService-Proto="https" X-Forwarded-TlsVersion="1.3" X-WAWS-Unencoded-URL="/api/deployments/latest?deployer=OneDeploy&amp;time=2026-02-24_06-44-43Z" X-Client-IP="20.161.58.226" X-Client-Port="44033" >
  <step title="Cleanup Xml Logs" date="2026-02-24T06:46:24.022" >
    <step title="Cleanup Infos" date="2026-02-24T06:46:24.142" totalFiles="335" totalCleanup="175" /><!-- duration: 39ms -->
  </step><!-- duration: 178ms -->
  <step title="DeploymentService.GetResult" date="2026-02-24T06:46:24.231" >
    <step title="DeploymentService.GetLatestDeployment" date="2026-02-24T06:46:24.242" >
      <step title="DeploymentManager.GetResults" date="2026-02-24T06:46:24.263" /><!-- duration: 952ms -->
    </step><!-- duration: 1005ms -->
  </step><!-- duration: 1025ms -->
  <step title="Outgoing response" date="2026-02-24T06:46:25.277" type="response" statusCode="202" statusText="Accepted" /><!-- duration: 10ms -->
</step><!-- duration: 1306ms -->
