<step title="Incoming Request" date="2026-02-23T19:06:27.026" instance="c8e42a" url="/api/deployments/latest?deployer=OneDeploy&amp;time=2026-02-23_19-03-23Z" method="GET" type="request" pid="833,1,31" Host="kholo-may-boutique.scm.azurewebsites.net" User-Agent="GITHUBACTIONS_DeployWebAppToAzure_18fab4e0fe05a7107e4bbad74201faccf5554886db050fe096de485e629b71eb" Authorization="Bea..." Content-Type="application/json; charset=utf-8" Cookie="ARRAffinity=c8e42a2e9282e266f7f8208800e3f3003a7d6e8149859585d969c3187d57e418;Path=/;HttpOnly;Secure;Domain=kholo-may-boutique.scm.azurewebsites.net; ARRAffinitySameSite=c8e42a2e9282e266f7f8208800e3f3003a7d6e8149859585d969c3187d57e418;Path=/;HttpOnly;SameSite=None;Secure;Domain=kholo-may-boutique.scm.azurewebsites.net" Content-Length="0" X-ARR-LOG-ID="3eb5afd2-ab35-47f2-b4c6-5751f7ae034a" CLIENT-IP="52.157.2.241:61475" X-SITE-DEPLOYMENT-ID="kholo-may-boutique" WAS-DEFAULT-HOSTNAME="kholo-may-boutique.scm.azurewebsites.net" X-Forwarded-Proto="https" X-AppService-Proto="https" X-Forwarded-TlsVersion="1.3" X-WAWS-Unencoded-URL="/api/deployments/latest?deployer=OneDeploy&amp;time=2026-02-23_19-03-23Z" X-Client-IP="52.157.2.241" X-Client-Port="61475" >
  <step title="Cleanup Xml Logs" date="2026-02-23T19:06:27.056" >
    <step title="Cleanup Infos" date="2026-02-23T19:06:27.132" totalFiles="211" totalCleanup="51" /><!-- duration: 34ms -->
  </step><!-- duration: 125ms -->
  <step title="DeploymentService.GetResult" date="2026-02-23T19:06:27.208" >
    <step title="DeploymentService.GetLatestDeployment" date="2026-02-23T19:06:27.218" >
      <step title="DeploymentManager.GetResults" date="2026-02-23T19:06:27.226" /><!-- duration: 835ms -->
    </step><!-- duration: 916ms -->
  </step><!-- duration: 935ms -->
  <step title="Outgoing response" date="2026-02-23T19:06:28.151" type="response" statusCode="202" statusText="Accepted" /><!-- duration: 33ms -->
</step><!-- duration: 1173ms -->
