<step title="Incoming Request" date="2026-02-23T21:49:35.067" instance="c8e42a" url="/api/deployments/latest?deployer=OneDeploy&amp;time=2026-02-23_21-46-58Z" method="GET" type="request" pid="833,1,62" Host="kholo-may-boutique.scm.azurewebsites.net" User-Agent="GITHUBACTIONS_DeployWebAppToAzure_18fab4e0fe05a7107e4bbad74201faccf5554886db050fe096de485e629b71eb" Authorization="Bea..." Content-Type="application/json; charset=utf-8" Cookie="ARRAffinity=c8e42a2e9282e266f7f8208800e3f3003a7d6e8149859585d969c3187d57e418;Path=/;HttpOnly;Secure;Domain=kholo-may-boutique.scm.azurewebsites.net; ARRAffinitySameSite=c8e42a2e9282e266f7f8208800e3f3003a7d6e8149859585d969c3187d57e418;Path=/;HttpOnly;SameSite=None;Secure;Domain=kholo-may-boutique.scm.azurewebsites.net" Content-Length="0" X-ARR-LOG-ID="3ff6a491-c845-4061-a604-3bd463137959" CLIENT-IP="135.232.216.53:18497" X-SITE-DEPLOYMENT-ID="kholo-may-boutique" WAS-DEFAULT-HOSTNAME="kholo-may-boutique.scm.azurewebsites.net" X-Forwarded-Proto="https" X-AppService-Proto="https" X-Forwarded-TlsVersion="1.3" X-WAWS-Unencoded-URL="/api/deployments/latest?deployer=OneDeploy&amp;time=2026-02-23_21-46-58Z" X-Client-IP="135.232.216.53" X-Client-Port="18497" >
  <step title="Cleanup Xml Logs" date="2026-02-23T21:49:35.077" >
    <step title="Cleanup Infos" date="2026-02-23T21:49:35.147" totalFiles="287" totalCleanup="127" /><!-- duration: 38ms -->
  </step><!-- duration: 121ms -->
  <step title="DeploymentService.GetResult" date="2026-02-23T21:49:35.237" >
    <step title="DeploymentService.GetLatestDeployment" date="2026-02-23T21:49:35.248" >
      <step title="DeploymentManager.GetResults" date="2026-02-23T21:49:35.267" /><!-- duration: 935ms -->
    </step><!-- duration: 984ms -->
  </step><!-- duration: 1005ms -->
  <step title="Outgoing response" date="2026-02-23T21:49:36.264" type="response" statusCode="202" statusText="Accepted" /><!-- duration: 19ms -->
</step><!-- duration: 1236ms -->
