<step title="Incoming Request" date="2026-02-24T06:46:45.935" instance="c8e42a" url="/api/deployments/latest?deployer=OneDeploy&amp;time=2026-02-24_06-44-43Z" method="GET" type="request" pid="833,1,21" Host="kholo-may-boutique.scm.azurewebsites.net" User-Agent="GITHUBACTIONS_DeployWebAppToAzure_18fab4e0fe05a7107e4bbad74201faccf5554886db050fe096de485e629b71eb" Authorization="Bea..." Content-Type="application/json; charset=utf-8" Cookie="ARRAffinity=c8e42a2e9282e266f7f8208800e3f3003a7d6e8149859585d969c3187d57e418;Path=/;HttpOnly;Secure;Domain=kholo-may-boutique.scm.azurewebsites.net; ARRAffinitySameSite=c8e42a2e9282e266f7f8208800e3f3003a7d6e8149859585d969c3187d57e418;Path=/;HttpOnly;SameSite=None;Secure;Domain=kholo-may-boutique.scm.azurewebsites.net" Content-Length="0" X-ARR-LOG-ID="342f28c8-e7e4-4b78-b61c-fc314573a81d" CLIENT-IP="20.161.58.226:44032" X-SITE-DEPLOYMENT-ID="kholo-may-boutique" WAS-DEFAULT-HOSTNAME="kholo-may-boutique.scm.azurewebsites.net" X-Forwarded-Proto="https" X-AppService-Proto="https" X-Forwarded-TlsVersion="1.3" X-WAWS-Unencoded-URL="/api/deployments/latest?deployer=OneDeploy&amp;time=2026-02-24_06-44-43Z" X-Client-IP="20.161.58.226" X-Client-Port="44032" >
  <step title="Cleanup Xml Logs" date="2026-02-24T06:46:45.945" >
    <step title="Cleanup Infos" date="2026-02-24T06:46:45.975" totalFiles="338" totalCleanup="178" /><!-- duration: 50ms -->
  </step><!-- duration: 99ms -->
  <step title="DeploymentService.GetResult" date="2026-02-24T06:46:46.087" >
    <step title="DeploymentService.GetLatestDeployment" date="2026-02-24T06:46:46.103" >
      <step title="DeploymentManager.GetResults" date="2026-02-24T06:46:46.113" /><!-- duration: 936ms -->
    </step><!-- duration: 975ms -->
  </step><!-- duration: 1021ms -->
  <step title="Outgoing response" date="2026-02-24T06:46:47.131" type="response" statusCode="202" statusText="Accepted" /><!-- duration: 10ms -->
</step><!-- duration: 1216ms -->
