<step title="Incoming Request" date="2026-02-24T07:21:46.895" instance="c8e42a" url="/api/publish?async=true&amp;deployer=GITHUB_ONE_DEPLOY&amp;type=zip&amp;message=%7B%22type%22%3A%22deployment%22%2C%22sha%22%3A%22ec1adecf99ae1a569804279c3b139cf382f61fc4%22%2C%22repoName%22%3A%22MorokaPrince%2FKholo-May_Boutique%22%2C%22actor%22%3A%22MorokaPrince%22%2C%22slotName%22%3A%22Production%22%2C%22commitMessage%22%3A%22fix(server)%3A%20improve%20error%20handling%20and%20add%20debug%20logging%20for%20deployment%5Cn%5CnAdd%20try-catch%20blocks%20around%20file%20copy%20operations%20to%20prevent%20crashes.%5CnAdd%20detailed%20logging%20for%20troubleshooting%20Azure%20deployment%20issues.%5CnReorder%20operations%20to%20complete%20file%20copying%20before%20changing%20directory.%5CnMove%20http%20and%20url%20imports%20to%20top%20of%20file%20for%20better%20organization.%22%7D" method="POST" type="request" pid="833,1,17" Host="kholo-may-boutique.scm.azurewebsites.net" User-Agent="GITHUBACTIONS_DeployWebAppToAzure_18fab4e0fe05a7107e4bbad74201faccf5554886db050fe096de485e629b71eb" Authorization="Bea..." Content-Type="application/octet-stream" Cookie="ARRAffinity=c8e42a2e9282e266f7f8208800e3f3003a7d6e8149859585d969c3187d57e418;Path=/;HttpOnly;Secure;Domain=kholo-may-boutique.scm.azurewebsites.net; ARRAffinitySameSite=c8e42a2e9282e266f7f8208800e3f3003a7d6e8149859585d969c3187d57e418;Path=/;HttpOnly;SameSite=None;Secure;Domain=kholo-may-boutique.scm.azurewebsites.net" Transfer-Encoding="chunked" X-ARR-LOG-ID="3ceb8f37-7ec3-4a58-957f-e506eaf1d060" CLIENT-IP="64.236.140.181:18457" X-SITE-DEPLOYMENT-ID="kholo-may-boutique" WAS-DEFAULT-HOSTNAME="kholo-may-boutique.scm.azurewebsites.net" X-Forwarded-Proto="https" X-AppService-Proto="https" X-Forwarded-TlsVersion="1.3" X-WAWS-Unencoded-URL="/api/publish?async=true&amp;deployer=GITHUB_ONE_DEPLOY&amp;type=zip&amp;message=%7B%22type%22%3A%22deployment%22%2C%22sha%22%3A%22ec1adecf99ae1a569804279c3b139cf382f61fc4%22%2C%22repoName%22%3A%22MorokaPrince%2FKholo-May_Boutique%22%2C%22actor%22%3A%22MorokaPrince%22%2C%22slotName%22%3A%22Production%22%2C%22commitMessage%22%3A%22fix(server)%3A%20improve%20error%20handling%20and%20add%20debug%20logging%20for%20deployment%5Cn%5CnAdd%20try-catch%20blocks%20around%20file%20copy%20operations%20to%20prevent%20crashes.%5CnAdd%20detailed%20logging%20for%20troubleshooting%20Azure%20deployment%20issues.%5CnReorder%20operations%20to%20complete%20file%20copying%20before%20changing%20directory.%5CnMove%20http%20and%20url%20imports%20to%20top%20of%20file%20for%20better%20organization.%22%7D" X-Client-IP="64.236.140.181" X-Client-Port="18457" >
  <step title="Cleanup Xml Logs" date="2026-02-24T07:21:46.898" >
    <step title="Cleanup Infos" date="2026-02-24T07:21:46.908" totalFiles="444" totalCleanup="284" /><!-- duration: 4ms -->
  </step><!-- duration: 18ms -->
  <step title="OneDeploy" date="2026-02-24T07:21:47.201" >
    <step title="Starting PushDeployAsync" date="2026-02-24T07:21:47.210" /><!-- duration: 12ms -->
    <step title="Writing artifact to /tmp/zipdeploy/25d7e3e2-c1a2-4f52-af2d-5e923d42b8b6.zip" date="2026-02-24T07:21:47.291" >
      <step title="Writing multipart request body to /tmp/zipdeploy/25d7e3e2-c1a2-4f52-af2d-5e923d42b8b6.zip" date="2026-02-24T07:21:47.349" /><!-- duration: 17ms -->
    </step><!-- duration: 23465ms -->
    <step title="Start deployment in the background" date="2026-02-24T07:22:10.815" >
      <step title="Acquiring Deployment Lock" date="2026-02-24T07:22:10.998" /><!-- duration: 38ms -->
      <step title="Acquired Deployment Lock" date="2026-02-24T07:22:11.157" /><!-- duration: 19ms -->
    </step><!-- duration: 552ms -->
  </step><!-- duration: 24228ms -->
  <step title="Outgoing response" date="2026-02-24T07:22:11.442" type="response" statusCode="202" statusText="Accepted" /><!-- duration: 10ms -->
</step><!-- duration: 24576ms -->
