<step title="BackgroundTrace" date="2026-02-24T07:22:10.835" instance="c8e42a" url="/api/publish" method="POST" >
  <step title="Cleanup Xml Logs" date="2026-02-24T07:22:10.855" >
    <step title="Cleanup Infos" date="2026-02-24T07:22:10.905" totalFiles="445" totalCleanup="285" /><!-- duration: 21ms -->
  </step><!-- duration: 92ms -->
  <step title="Creating temporary deployment - FetchDeploymentManager" date="2026-02-24T07:22:11.198" /><!-- duration: 18ms -->
  <step title="Creating temporary deployment" date="2026-02-24T07:22:11.236" /><!-- duration: 121ms -->
  <step title="Performing fetch based deployment" date="2026-02-24T07:22:11.511" >
    <step title="Cleaning up temp folders from previous zip deployments and extracting pushed zip file /tmp/zipdeploy/25d7e3e2-c1a2-4f52-af2d-5e923d42b8b6.zip (199.85 MB) to /tmp/zipdeploy/extracted" date="2026-02-24T07:22:12.991" >
      <step title="ChmodRecursive Process exited with total time taken in ms: 209" date="2026-02-24T07:23:17.289" /><!-- duration: 4ms -->
    </step><!-- duration: 64366ms -->
    <step title="Deployment timer started" date="2026-02-24T07:23:19.523" >
      <step title="DeploymentManager.Deploy(id:72b19092-927c-4219-85e4-ca86ac045181)" date="2026-02-24T07:23:19.603" >
        <step title="Collecting changeset information" date="2026-02-24T07:23:19.724" /><!-- duration: 402ms -->
        <step title="Updating submodules" date="2026-02-24T07:23:20.144" /><!-- duration: 1259ms -->
        <step title="Determining deployment builder" date="2026-02-24T07:23:21.610" >
          <step title="Builder is OneDeployBuilder" date="2026-02-24T07:23:21.660" /><!-- duration: 11ms -->
        </step><!-- duration: 81ms -->
        <step title="PreDeployment: context.CleanOutputPath False" date="2026-02-24T07:23:21.788" >
          <step title="PreDeployment: context.OutputPath /home/site/wwwroot" date="2026-02-24T07:23:21.874" >
            <step title="Building" date="2026-02-24T07:23:21.980" >
              <step title="Executing external process" date="2026-02-24T07:23:22.550" type="process" path="starter.sh" arguments="/opt/Kudu/Scripts/absoluteTar.sh /tmp/zipdeploy/extracted/node_modules /tmp/zipdeploy/extracted/node_modules.tar.gz" >
                <step title="Cpu: gzip(1748,43.580s)+sh(1747,0.000s)+tar(1746,2.980s)+absoluteTar.sh(1745,0.000s)=total(46.560s)" date="2026-02-24T07:24:22.860" /><!-- duration: 13ms -->
                <step title="starter.sh: no io activity for 60s, prev-cpu=-1.000s, current-cpu=46.560s" date="2026-02-24T07:24:22.903" /><!-- duration: 48ms -->
              </step><!-- duration: 119260ms -->
              <step title="Executing external process" date="2026-02-24T07:25:22.076" type="process" path="starter.sh" arguments="/opt/Kudu/Scripts/parallel_rsync.sh /tmp/zipdeploy/extracted /home/site/wwwroot 8 /tmp/ False False node_modules " /><!-- duration: 16940ms -->
              <step title="Modified file to trigger a restart of the app container." date="2026-02-24T07:25:39.752" /><!-- duration: 3ms -->
              <step title="Skip function trigger and logicapp sync because function is not enabled." date="2026-02-24T07:25:39.759" /><!-- duration: 13ms -->
              <step title="Purge deployment items" date="2026-02-24T07:25:40.699" >
                <step title="Remove e7ef9d38-, Success, received at 02/23/2026 18:59:10" date="2026-02-24T07:25:40.746" /><!-- duration: 3ms -->
              </step><!-- duration: 53ms -->
            </step><!-- duration: 138842ms -->
          </step><!-- duration: 138972ms -->
          <step title="Cleaning up temp files" date="2026-02-24T07:25:40.848" /><!-- duration: 13ms -->
          <step title="Cleaning up temp files" date="2026-02-24T07:25:40.890" /><!-- duration: 506ms -->
          <step title="Reloading status file with latest updates" date="2026-02-24T07:25:41.417" >
            <step title="WebHooksManager.PublishEventAsync: PostDeployment" date="2026-02-24T07:25:41.421" /><!-- duration: 40ms -->
          </step><!-- duration: 47ms -->
          <step title="Cleaning up temporary deployment - fetch deployment was successful" date="2026-02-24T07:25:41.471" /><!-- duration: 4ms -->
        </step><!-- duration: 139757ms -->
      </step><!-- duration: 141957ms -->
