<step title="Incoming Request" date="2026-02-24T06:47:23.551" instance="c8e42a" url="/api/deployments/latest?deployer=OneDeploy&amp;time=2026-02-24_06-44-43Z" method="GET" type="request" pid="833,1,19" Host="kholo-may-boutique.scm.azurewebsites.net" User-Agent="GITHUBACTIONS_DeployWebAppToAzure_18fab4e0fe05a7107e4bbad74201faccf5554886db050fe096de485e629b71eb" Authorization="Bea..." Content-Type="application/json; charset=utf-8" Cookie="ARRAffinity=c8e42a2e9282e266f7f8208800e3f3003a7d6e8149859585d969c3187d57e418;Path=/;HttpOnly;Secure;Domain=kholo-may-boutique.scm.azurewebsites.net; ARRAffinitySameSite=c8e42a2e9282e266f7f8208800e3f3003a7d6e8149859585d969c3187d57e418;Path=/;HttpOnly;SameSite=None;Secure;Domain=kholo-may-boutique.scm.azurewebsites.net" Content-Length="0" X-ARR-LOG-ID="369cf4ad-653a-4306-9f86-df21616ea546" CLIENT-IP="20.161.58.226:44033" X-SITE-DEPLOYMENT-ID="kholo-may-boutique" WAS-DEFAULT-HOSTNAME="kholo-may-boutique.scm.azurewebsites.net" X-Forwarded-Proto="https" X-AppService-Proto="https" X-Forwarded-TlsVersion="1.3" X-WAWS-Unencoded-URL="/api/deployments/latest?deployer=OneDeploy&amp;time=2026-02-24_06-44-43Z" X-Client-IP="20.161.58.226" X-Client-Port="44033" >
  <step title="Cleanup Xml Logs" date="2026-02-24T06:47:23.673" >
    <step title="Cleanup Infos" date="2026-02-24T06:47:23.824" totalFiles="343" totalCleanup="183" /><!-- duration: 122ms -->
  </step><!-- duration: 371ms -->
  <step title="DeploymentService.GetResult" date="2026-02-24T06:47:24.145" >
    <step title="DeploymentService.GetLatestDeployment" date="2026-02-24T06:47:24.264" >
      <step title="DeploymentManager.GetResults" date="2026-02-24T06:47:24.316" /><!-- duration: 2665ms -->
    </step><!-- duration: 2787ms -->
  </step><!-- duration: 2945ms -->
  <step title="Outgoing response" date="2026-02-24T06:47:27.132" type="response" statusCode="202" statusText="Accepted" /><!-- duration: 58ms -->
</step><!-- duration: 3701ms -->
