<step title="Incoming Request" date="2026-02-24T06:39:38.349" instance="c8e42a" url="/api/zipdeploy?isAsync=true" method="POST" type="request" pid="833,1,22" Accept="*/*" Host="kholo-may-boutique.scm.azurewebsites.net" User-Agent="AZURECLI/2.83.0 (MSI)" Accept-Encoding="gzip, deflate" Authorization="Bea..." Cache-Control="no-cache" Content-Type="application/octet-stream" Content-Length="24947708" x-ms-client-request-id="6be16e6a-114b-11f1-af5c-c0b5d71b77b6" x-ms-artifact-checksum="6ec7d610f78091283b2be9e0fa180e1f16a2e0edbcc8e46c2116d46235ce7a0b" X-ARR-LOG-ID="6be16e6a-114b-11f1-af5c-c0b5d71b77b6" CLIENT-IP="105.245.240.153:57616" X-SITE-DEPLOYMENT-ID="kholo-may-boutique" WAS-DEFAULT-HOSTNAME="kholo-may-boutique.scm.azurewebsites.net" X-Forwarded-Proto="https" X-AppService-Proto="https" X-Forwarded-TlsVersion="1.3" X-WAWS-Unencoded-URL="/api/zipdeploy?isAsync=true" X-Client-IP="105.245.240.153" X-Client-Port="57616" >
  <step title="Cleanup Xml Logs" date="2026-02-24T06:39:38.353" >
    <step title="Cleanup Infos" date="2026-02-24T06:39:38.380" totalFiles="311" totalCleanup="151" /><!-- duration: 40ms -->
  </step><!-- duration: 78ms -->
  <step title="ZipPushDeploy" date="2026-02-24T06:39:38.447" >
    <step title="ZipDeploy. Extract zip." date="2026-02-24T06:39:38.470" /><!-- duration: 4ms -->
    <step title="Starting PushDeployAsync" date="2026-02-24T06:39:38.479" /><!-- duration: 4ms -->
    <step title="Writing artifact to /tmp/zipdeploy/934e526a-882c-4dd3-9e8e-937d9eccb5af.zip" date="2026-02-24T06:39:38.752" >
      <step title="Writing multipart request body to /tmp/zipdeploy/934e526a-882c-4dd3-9e8e-937d9eccb5af.zip" date="2026-02-24T06:39:38.757" /><!-- duration: 4ms -->
    </step><!-- duration: 11595ms -->
    <step title="Start deployment in the background" date="2026-02-24T06:39:50.377" >
      <step title="Acquiring Deployment Lock" date="2026-02-24T06:39:50.415" /><!-- duration: 4ms -->
      <step title="Acquired Deployment Lock" date="2026-02-24T06:39:50.461" /><!-- duration: 4ms -->
    </step><!-- duration: 210ms -->
  </step><!-- duration: 12154ms -->
  <step title="Outgoing response" date="2026-02-24T06:39:50.606" type="response" statusCode="202" statusText="Accepted" /><!-- duration: 4ms -->
</step><!-- duration: 12265ms -->
