<step title="BackgroundTrace" date="2026-02-24T07:31:52.776" instance="c8e42a" url="/api/publish" method="POST" >
  <step title="Cleanup Xml Logs" date="2026-02-24T07:31:52.780" >
    <step title="Cleanup Infos" date="2026-02-24T07:31:52.791" totalFiles="477" totalCleanup="317" /><!-- duration: 4ms -->
  </step><!-- duration: 18ms -->
  <step title="Creating temporary deployment - FetchDeploymentManager" date="2026-02-24T07:31:52.842" /><!-- duration: 2ms -->
  <step title="Creating temporary deployment" date="2026-02-24T07:31:52.848" /><!-- duration: 50ms -->
  <step title="Performing fetch based deployment" date="2026-02-24T07:31:52.920" >
    <step title="Cleaning up temp folders from previous zip deployments and extracting pushed zip file /tmp/zipdeploy/16f0f426-dcfc-43b0-b5ee-e170843049bc.zip (199.85 MB) to /tmp/zipdeploy/extracted" date="2026-02-24T07:31:54.065" >
      <step title="ChmodRecursive Process exited with total time taken in ms: 804" date="2026-02-24T07:32:48.063" /><!-- duration: 10ms -->
    </step><!-- duration: 54012ms -->
    <step title="Deployment timer started" date="2026-02-24T07:32:50.095" >
      <step title="DeploymentManager.Deploy(id:9421705e-22c8-4d2d-ac61-d5c7aef83262)" date="2026-02-24T07:32:50.102" >
        <step title="Collecting changeset information" date="2026-02-24T07:32:50.150" /><!-- duration: 81ms -->
        <step title="Updating submodules" date="2026-02-24T07:32:50.236" /><!-- duration: 1112ms -->
        <step title="Determining deployment builder" date="2026-02-24T07:32:51.536" >
          <step title="Builder is OneDeployBuilder" date="2026-02-24T07:32:51.556" /><!-- duration: 3ms -->
        </step><!-- duration: 29ms -->
        <step title="PreDeployment: context.CleanOutputPath False" date="2026-02-24T07:32:51.649" >
          <step title="PreDeployment: context.OutputPath /home/site/wwwroot" date="2026-02-24T07:32:51.743" >
            <step title="Building" date="2026-02-24T07:32:51.841" >
              <step title="Executing external process" date="2026-02-24T07:32:52.428" type="process" path="starter.sh" arguments="/opt/Kudu/Scripts/absoluteTar.sh /tmp/zipdeploy/extracted/node_modules /tmp/zipdeploy/extracted/node_modules.tar.gz" >
                <step title="Cpu: gzip(1943,44.980s)+sh(1942,0.000s)+tar(1941,3.800s)+absoluteTar.sh(1940,0.010s)=total(48.790s)" date="2026-02-24T07:33:52.748" /><!-- duration: 19ms -->
                <step title="starter.sh: no io activity for 60s, prev-cpu=-1.000s, current-cpu=48.790s" date="2026-02-24T07:33:52.807" /><!-- duration: 60ms -->
                <step title="Cpu: gzip(1943,83.750s)+sh(1942,0.000s)+tar(1941,4.930s)+absoluteTar.sh(1940,0.010s)=total(88.690s)" date="2026-02-24T07:34:53.282" /><!-- duration: 10ms -->
                <step title="starter.sh: no io activity for 121s, prev-cpu=48.790s, current-cpu=88.690s" date="2026-02-24T07:34:53.302" /><!-- duration: 40ms -->
              </step><!-- duration: 133161ms -->
              <step title="Executing external process" date="2026-02-24T07:35:05.856" type="process" path="starter.sh" arguments="/opt/Kudu/Scripts/parallel_rsync.sh /tmp/zipdeploy/extracted /home/site/wwwroot 8 /tmp/ False False node_modules " /><!-- duration: 16339ms -->
              <step title="Modified file to trigger a restart of the app container." date="2026-02-24T07:35:22.840" /><!-- duration: 3ms -->
              <step title="Skip function trigger and logicapp sync because function is not enabled." date="2026-02-24T07:35:22.848" /><!-- duration: 12ms -->
              <step title="Purge deployment items" date="2026-02-24T07:35:23.767" >
                <step title="Remove 60f6d402-, Success, received at 02/23/2026 19:03:59" date="2026-02-24T07:35:23.857" /><!-- duration: 8ms -->
              </step><!-- duration: 103ms -->
            </step><!-- duration: 152099ms -->
          </step><!-- duration: 152208ms -->
          <step title="Cleaning up temp files" date="2026-02-24T07:35:23.954" /><!-- duration: 17ms -->
          <step title="Cleaning up temp files" date="2026-02-24T07:35:23.981" /><!-- duration: 520ms -->
          <step title="Reloading status file with latest updates" date="2026-02-24T07:35:24.523" >
            <step title="WebHooksManager.PublishEventAsync: PostDeployment" date="2026-02-24T07:35:24.527" /><!-- duration: 54ms -->
          </step><!-- duration: 60ms -->
          <step title="Cleaning up temporary deployment - fetch deployment was successful" date="2026-02-24T07:35:24.590" /><!-- duration: 3ms -->
        </step><!-- duration: 153023ms -->
      </step><!-- duration: 154584ms -->
