<step title="Incoming Request" date="2026-02-23T21:54:37.563" instance="c8e42a" url="/api/deployments/latest" method="GET" type="request" pid="833,1,56" Accept="*/*" Host="kholo-may-boutique.scm.azurewebsites.net" User-Agent="AZURECLI/2.83.0 (MSI)" Accept-Encoding="gzip, deflate" Authorization="Bea..." x-ms-client-request-id="f4c0df3c-1101-11f1-84ce-c0b5d71b77b6" X-ARR-LOG-ID="f4c0df3c-1101-11f1-84ce-c0b5d71b77b6" CLIENT-IP="105.245.240.153:59804" X-SITE-DEPLOYMENT-ID="kholo-may-boutique" WAS-DEFAULT-HOSTNAME="kholo-may-boutique.scm.azurewebsites.net" X-Forwarded-Proto="https" X-AppService-Proto="https" X-Forwarded-TlsVersion="1.3" X-WAWS-Unencoded-URL="/api/deployments/latest" X-Client-IP="105.245.240.153" X-Client-Port="59804" >
  <step title="Cleanup Xml Logs" date="2026-02-23T21:54:37.631" >
    <step title="Cleanup Infos" date="2026-02-23T21:54:37.933" totalFiles="303" totalCleanup="143" /><!-- duration: 40ms -->
  </step><!-- duration: 413ms -->
  <step title="DeploymentService.GetResult" date="2026-02-23T21:54:38.094" >
    <step title="DeploymentService.GetLatestDeployment" date="2026-02-23T21:54:38.099" >
      <step title="DeploymentManager.GetResults" date="2026-02-23T21:54:38.106" /><!-- duration: 599ms -->
    </step><!-- duration: 628ms -->
  </step><!-- duration: 650ms -->
  <step title="Outgoing response" date="2026-02-23T21:54:38.771" type="response" statusCode="202" statusText="Accepted" /><!-- duration: 11ms -->
</step><!-- duration: 1227ms -->
