<step title="Incoming Request" date="2026-02-23T19:05:40.820" instance="c8e42a" url="/api/deployments/latest?deployer=OneDeploy&amp;time=2026-02-23_19-03-23Z" method="GET" type="request" pid="833,1,7" Host="kholo-may-boutique.scm.azurewebsites.net" User-Agent="GITHUBACTIONS_DeployWebAppToAzure_18fab4e0fe05a7107e4bbad74201faccf5554886db050fe096de485e629b71eb" Authorization="Bea..." Content-Type="application/json; charset=utf-8" Cookie="ARRAffinity=c8e42a2e9282e266f7f8208800e3f3003a7d6e8149859585d969c3187d57e418;Path=/;HttpOnly;Secure;Domain=kholo-may-boutique.scm.azurewebsites.net; ARRAffinitySameSite=c8e42a2e9282e266f7f8208800e3f3003a7d6e8149859585d969c3187d57e418;Path=/;HttpOnly;SameSite=None;Secure;Domain=kholo-may-boutique.scm.azurewebsites.net" Content-Length="0" X-ARR-LOG-ID="14b71fd3-b590-463a-b8f0-48a478a4cae8" CLIENT-IP="52.157.2.241:61469" X-SITE-DEPLOYMENT-ID="kholo-may-boutique" WAS-DEFAULT-HOSTNAME="kholo-may-boutique.scm.azurewebsites.net" X-Forwarded-Proto="https" X-AppService-Proto="https" X-Forwarded-TlsVersion="1.3" X-WAWS-Unencoded-URL="/api/deployments/latest?deployer=OneDeploy&amp;time=2026-02-23_19-03-23Z" X-Client-IP="52.157.2.241" X-Client-Port="61469" >
  <step title="Cleanup Xml Logs" date="2026-02-23T19:05:40.851" >
    <step title="Cleanup Infos" date="2026-02-23T19:05:40.902" totalFiles="204" totalCleanup="44" /><!-- duration: 29ms -->
  </step><!-- duration: 92ms -->
  <step title="DeploymentService.GetResult" date="2026-02-23T19:05:40.983" >
    <step title="DeploymentService.GetLatestDeployment" date="2026-02-23T19:05:40.994" >
      <step title="DeploymentManager.GetResults" date="2026-02-23T19:05:41.024" /><!-- duration: 783ms -->
    </step><!-- duration: 832ms -->
  </step><!-- duration: 873ms -->
  <step title="Outgoing response" date="2026-02-23T19:05:41.916" type="response" statusCode="202" statusText="Accepted" /><!-- duration: 21ms -->
</step><!-- duration: 1136ms -->
