<step title="BackgroundTrace" date="2026-02-24T07:20:52.484" instance="c8e42a" url="/api/zipdeploy" method="POST" >
  <step title="Cleanup Xml Logs" date="2026-02-24T07:20:52.489" >
    <step title="Cleanup Infos" date="2026-02-24T07:20:52.507" totalFiles="438" totalCleanup="278" /><!-- duration: 4ms -->
  </step><!-- duration: 24ms -->
  <step title="Creating temporary deployment - FetchDeploymentManager" date="2026-02-24T07:20:52.573" /><!-- duration: 3ms -->
  <step title="Creating temporary deployment" date="2026-02-24T07:20:52.579" /><!-- duration: 54ms -->
  <step title="Performing fetch based deployment" date="2026-02-24T07:20:52.697" >
    <step title="Cleaning up temp folders from previous zip deployments and extracting pushed zip file /tmp/zipdeploy/e0630c6f-818f-4eda-8c34-7a9d5dae601a.zip (24.25 MB) to /tmp/zipdeploy/extracted" date="2026-02-24T07:20:53.841" >
      <step title="ChmodRecursive Process exited with total time taken in ms: 119" date="2026-02-24T07:20:59.532" /><!-- duration: 6ms -->
    </step><!-- duration: 5701ms -->
    <step title="Deployment timer started" date="2026-02-24T07:21:01.561" >
      <step title="DeploymentManager.Deploy(id:a40671a3-92b1-4263-9369-63e0a72e10fe)" date="2026-02-24T07:21:01.568" >
        <step title="Collecting changeset information" date="2026-02-24T07:21:01.607" /><!-- duration: 86ms -->
        <step title="Updating submodules" date="2026-02-24T07:21:01.698" /><!-- duration: 1150ms -->
        <step title="Determining deployment builder" date="2026-02-24T07:21:03.082" >
          <step title="Builder is BasicBuilder" date="2026-02-24T07:21:03.112" /><!-- duration: 4ms -->
        </step><!-- duration: 40ms -->
        <step title="PreDeployment: context.CleanOutputPath False" date="2026-02-24T07:21:03.178" >
          <step title="PreDeployment: context.OutputPath /home/site/wwwroot" date="2026-02-24T07:21:03.310" >
            <step title="Building" date="2026-02-24T07:21:03.450" >
              <step title="Executing external process" date="2026-02-24T07:21:03.939" type="process" path="starter.sh" arguments="/opt/Kudu/Scripts/parallel_rsync.sh /tmp/zipdeploy/extracted /home/site/wwwroot 8 /tmp/ False True  " /><!-- duration: 22763ms -->
              <step title="Triggering recycle (preview mode disabled)." date="2026-02-24T07:21:26.893" /><!-- duration: 10ms -->
              <step title="Modified file to trigger a restart of the app container." date="2026-02-24T07:21:26.948" /><!-- duration: 3ms -->
              <step title="Skip function trigger and logicapp sync because function is not enabled." date="2026-02-24T07:21:26.955" /><!-- duration: 10ms -->
              <step title="Purge deployment items" date="2026-02-24T07:21:27.894" >
                <step title="Remove df998c85-, Success, received at 02/23/2026 17:01:16" date="2026-02-24T07:21:27.940" /><!-- duration: 3ms -->
              </step><!-- duration: 52ms -->
            </step><!-- duration: 24553ms -->
          </step><!-- duration: 24702ms -->
          <step title="Cleaning up temp files" date="2026-02-24T07:21:28.024" /><!-- duration: 3ms -->
          <step title="Cleaning up temp files" date="2026-02-24T07:21:28.035" /><!-- duration: 519ms -->
          <step title="Reloading status file with latest updates" date="2026-02-24T07:21:28.581" >
            <step title="WebHooksManager.PublishEventAsync: PostDeployment" date="2026-02-24T07:21:28.587" /><!-- duration: 35ms -->
          </step><!-- duration: 43ms -->
          <step title="Cleaning up temporary deployment - fetch deployment was successful" date="2026-02-24T07:21:28.629" /><!-- duration: 3ms -->
        </step><!-- duration: 25536ms -->
      </step><!-- duration: 27160ms -->
