<step title="Incoming Request" date="2026-02-23T19:06:11.494" instance="c8e42a" url="/api/deployments/latest?deployer=OneDeploy&amp;time=2026-02-23_19-03-23Z" method="GET" type="request" pid="833,1,25" Host="kholo-may-boutique.scm.azurewebsites.net" User-Agent="GITHUBACTIONS_DeployWebAppToAzure_18fab4e0fe05a7107e4bbad74201faccf5554886db050fe096de485e629b71eb" Authorization="Bea..." Content-Type="application/json; charset=utf-8" Cookie="ARRAffinity=c8e42a2e9282e266f7f8208800e3f3003a7d6e8149859585d969c3187d57e418;Path=/;HttpOnly;Secure;Domain=kholo-may-boutique.scm.azurewebsites.net; ARRAffinitySameSite=c8e42a2e9282e266f7f8208800e3f3003a7d6e8149859585d969c3187d57e418;Path=/;HttpOnly;SameSite=None;Secure;Domain=kholo-may-boutique.scm.azurewebsites.net" Content-Length="0" X-ARR-LOG-ID="8bd0963c-a460-4d48-a7f7-ae6e8184e0f1" CLIENT-IP="52.157.2.241:61473" X-SITE-DEPLOYMENT-ID="kholo-may-boutique" WAS-DEFAULT-HOSTNAME="kholo-may-boutique.scm.azurewebsites.net" X-Forwarded-Proto="https" X-AppService-Proto="https" X-Forwarded-TlsVersion="1.3" X-WAWS-Unencoded-URL="/api/deployments/latest?deployer=OneDeploy&amp;time=2026-02-23_19-03-23Z" X-Client-IP="52.157.2.241" X-Client-Port="61473" >
  <step title="Cleanup Xml Logs" date="2026-02-23T19:06:11.498" >
    <step title="Cleanup Infos" date="2026-02-23T19:06:11.543" totalFiles="209" totalCleanup="49" /><!-- duration: 30ms -->
  </step><!-- duration: 134ms -->
  <step title="DeploymentService.GetResult" date="2026-02-23T19:06:11.664" >
    <step title="DeploymentService.GetLatestDeployment" date="2026-02-23T19:06:11.675" >
      <step title="DeploymentManager.GetResults" date="2026-02-23T19:06:11.686" /><!-- duration: 730ms -->
    </step><!-- duration: 754ms -->
  </step><!-- duration: 775ms -->
  <step title="Outgoing response" date="2026-02-23T19:06:12.457" type="response" statusCode="202" statusText="Accepted" /><!-- duration: 4ms -->
</step><!-- duration: 972ms -->
