<step title="Incoming Request" date="2026-02-23T22:06:45.919" instance="c8e42a" url="/logstream/docker" method="GET" type="request" pid="833,1,44" Host="kholo-may-boutique.scm.azurewebsites.net" User-Agent="AZURECLI/2.83.0 (MSI)" Accept-Encoding="identity" Authorization="Bea..." x-ms-client-request-id="d41aaf8d-1103-11f1-9dd8-c0b5d71b77b6" X-ARR-LOG-ID="d41aaf8d-1103-11f1-9dd8-c0b5d71b77b6" CLIENT-IP="105.245.240.153:41129" X-SITE-DEPLOYMENT-ID="kholo-may-boutique" WAS-DEFAULT-HOSTNAME="kholo-may-boutique.scm.azurewebsites.net" X-Forwarded-Proto="https" X-AppService-Proto="https" X-Forwarded-TlsVersion="1.3" X-WAWS-Unencoded-URL="/logstream/docker" X-Client-IP="105.245.240.153" X-Client-Port="41129" >
  <step title="Cleanup Xml Logs" date="2026-02-23T22:06:45.923" >
    <step title="Cleanup Infos" date="2026-02-23T22:06:45.939" totalFiles="307" totalCleanup="147" /><!-- duration: 9ms -->
  </step><!-- duration: 30ms -->
  <step title="LogStreamHandlerMiddleware.Invoke" date="2026-02-23T22:06:45.967" /><!-- duration: 133ms -->
  <step title="Error occurred" date="2026-02-24T00:06:46.031" type="error" text="LogStreamManager: Inside TerminateClient" /><!-- duration: 4ms -->
  <step title="Error occurred" date="2026-02-24T00:06:46.046" type="error" text="LogStreamManager: Inside Reset" /><!-- duration: 4ms -->
  <step title="Error occurred" date="2026-02-24T00:06:46.258" type="error" text="LogStreamManager: ProcessRequest end due to timeout" /><!-- duration: 5ms -->
  <step title="Outgoing response" date="2026-02-24T00:06:46.277" type="response" statusCode="200" statusText="OK" /><!-- duration: 5ms -->
</step><!-- duration: 7200367ms -->
