<step title="Incoming Request" date="2026-02-23T21:54:32.832" instance="c8e42a" url="/api/deployments/latest" method="GET" type="request" pid="833,1,55" Accept="*/*" Host="kholo-may-boutique.scm.azurewebsites.net" User-Agent="AZURECLI/2.83.0 (MSI)" Accept-Encoding="gzip, deflate" Authorization="Bea..." x-ms-client-request-id="f4c0df3c-1101-11f1-84ce-c0b5d71b77b6" X-ARR-LOG-ID="f4c0df3c-1101-11f1-84ce-c0b5d71b77b6" CLIENT-IP="105.245.240.153:59736" X-SITE-DEPLOYMENT-ID="kholo-may-boutique" WAS-DEFAULT-HOSTNAME="kholo-may-boutique.scm.azurewebsites.net" X-Forwarded-Proto="https" X-AppService-Proto="https" X-Forwarded-TlsVersion="1.3" X-WAWS-Unencoded-URL="/api/deployments/latest" X-Client-IP="105.245.240.153" X-Client-Port="59736" >
  <step title="Cleanup Xml Logs" date="2026-02-23T21:54:32.836" >
    <step title="Cleanup Infos" date="2026-02-23T21:54:32.849" totalFiles="302" totalCleanup="142" /><!-- duration: 6ms -->
  </step><!-- duration: 24ms -->
  <step title="DeploymentService.GetResult" date="2026-02-23T21:54:32.869" >
    <step title="DeploymentService.GetLatestDeployment" date="2026-02-23T21:54:32.875" >
      <step title="DeploymentManager.GetResults" date="2026-02-23T21:54:32.884" /><!-- duration: 900ms -->
    </step><!-- duration: 914ms -->
  </step><!-- duration: 924ms -->
  <step title="Outgoing response" date="2026-02-23T21:54:33.803" type="response" statusCode="202" statusText="Accepted" /><!-- duration: 4ms -->
</step><!-- duration: 979ms -->
