<step title="Incoming Request" date="2026-02-24T06:45:32.265" instance="c8e42a" url="/api/deployments/latest?deployer=OneDeploy&amp;time=2026-02-24_06-44-43Z" method="GET" type="request" pid="833,1,15" Host="kholo-may-boutique.scm.azurewebsites.net" User-Agent="GITHUBACTIONS_DeployWebAppToAzure_18fab4e0fe05a7107e4bbad74201faccf5554886db050fe096de485e629b71eb" Authorization="Bea..." Content-Type="application/json; charset=utf-8" Cookie="ARRAffinity=c8e42a2e9282e266f7f8208800e3f3003a7d6e8149859585d969c3187d57e418;Path=/;HttpOnly;Secure;Domain=kholo-may-boutique.scm.azurewebsites.net; ARRAffinitySameSite=c8e42a2e9282e266f7f8208800e3f3003a7d6e8149859585d969c3187d57e418;Path=/;HttpOnly;SameSite=None;Secure;Domain=kholo-may-boutique.scm.azurewebsites.net" Content-Length="0" X-ARR-LOG-ID="a89e2d23-1dec-4b4e-86c0-442141cc5dda" CLIENT-IP="20.161.58.226:44032" X-SITE-DEPLOYMENT-ID="kholo-may-boutique" WAS-DEFAULT-HOSTNAME="kholo-may-boutique.scm.azurewebsites.net" X-Forwarded-Proto="https" X-AppService-Proto="https" X-Forwarded-TlsVersion="1.3" X-WAWS-Unencoded-URL="/api/deployments/latest?deployer=OneDeploy&amp;time=2026-02-24_06-44-43Z" X-Client-IP="20.161.58.226" X-Client-Port="44032" >
  <step title="Cleanup Xml Logs" date="2026-02-24T06:45:32.269" >
    <step title="Cleanup Infos" date="2026-02-24T06:45:32.318" totalFiles="328" totalCleanup="168" /><!-- duration: 21ms -->
  </step><!-- duration: 87ms -->
  <step title="DeploymentService.GetResult" date="2026-02-24T06:45:32.389" >
    <step title="DeploymentService.GetLatestDeployment" date="2026-02-24T06:45:32.416" >
      <step title="DeploymentManager.GetResults" date="2026-02-24T06:45:32.426" /><!-- duration: 1127ms -->
    </step><!-- duration: 1158ms -->
  </step><!-- duration: 1205ms -->
  <step title="Outgoing response" date="2026-02-24T06:45:33.615" type="response" statusCode="202" statusText="Accepted" /><!-- duration: 29ms -->
</step><!-- duration: 1388ms -->
