<step title="BackgroundTrace" date="2026-02-23T19:03:22.765" instance="c8e42a" url="/api/publish" method="POST" >
  <step title="Cleanup Xml Logs" date="2026-02-23T19:03:22.773" /><!-- duration: 14ms -->
  <step title="Creating temporary deployment - FetchDeploymentManager" date="2026-02-23T19:03:22.872" /><!-- duration: 6ms -->
  <step title="Creating temporary deployment" date="2026-02-23T19:03:22.883" /><!-- duration: 103ms -->
  <step title="Performing fetch based deployment" date="2026-02-23T19:03:23.142" >
    <step title="Cleaning up temp folders from previous zip deployments and extracting pushed zip file /tmp/zipdeploy/11eaf63a-df9f-4116-94c5-647a9c440920.zip (194.08 MB) to /tmp/zipdeploy/extracted" date="2026-02-23T19:03:24.359" >
      <step title="ChmodRecursive Process exited with total time taken in ms: 834" date="2026-02-23T19:03:57.583" /><!-- duration: 11ms -->
    </step><!-- duration: 33420ms -->
    <step title="Deployment timer started" date="2026-02-23T19:03:59.809" >
      <step title="DeploymentManager.Deploy(id:60f6d402-cf78-4b8d-b56f-407feae228a6)" date="2026-02-23T19:03:59.816" >
        <step title="Collecting changeset information" date="2026-02-23T19:03:59.883" /><!-- duration: 179ms -->
        <step title="Updating submodules" date="2026-02-23T19:04:00.072" /><!-- duration: 1142ms -->
        <step title="Determining deployment builder" date="2026-02-23T19:04:01.462" >
          <step title="Builder is OneDeployBuilder" date="2026-02-23T19:04:01.490" /><!-- duration: 4ms -->
        </step><!-- duration: 37ms -->
        <step title="PreDeployment: context.CleanOutputPath False" date="2026-02-23T19:04:01.604" >
          <step title="PreDeployment: context.OutputPath /home/site/wwwroot" date="2026-02-23T19:04:01.795" >
            <step title="Building" date="2026-02-23T19:04:02.197" >
              <step title="Executing external process" date="2026-02-23T19:04:04.932" type="process" path="starter.sh" arguments="/opt/Kudu/Scripts/absoluteTar.sh /tmp/zipdeploy/extracted/node_modules /tmp/zipdeploy/extracted/node_modules.tar.gz" >
                <step title="Cpu: gzip(1038,44.770s)+sh(1037,0.000s)+tar(1036,2.970s)+absoluteTar.sh(1035,0.010s)=total(47.750s)" date="2026-02-23T19:05:05.411" /><!-- duration: 22ms -->
                <step title="starter.sh: no io activity for 60s, prev-cpu=-1.000s, current-cpu=47.750s" date="2026-02-23T19:05:05.452" /><!-- duration: 69ms -->
                <step title="Cpu: gzip(1038,87.740s)+sh(1037,0.000s)+tar(1036,4.300s)+absoluteTar.sh(1035,0.010s)=total(92.050s)" date="2026-02-23T19:06:06.068" /><!-- duration: 48ms -->
                <step title="starter.sh: no io activity for 121s, prev-cpu=47.750s, current-cpu=92.050s" date="2026-02-23T19:06:06.128" /><!-- duration: 41ms -->
              </step><!-- duration: 127625ms -->
              <step title="Executing external process" date="2026-02-23T19:06:12.964" type="process" path="starter.sh" arguments="/opt/Kudu/Scripts/parallel_rsync.sh /tmp/zipdeploy/extracted /home/site/wwwroot 8 /tmp/ False False node_modules " /><!-- duration: 15682ms -->
              <step title="Modified file to trigger a restart of the app container." date="2026-02-23T19:06:29.585" /><!-- duration: 6ms -->
              <step title="Skip function trigger and logicapp sync because function is not enabled." date="2026-02-23T19:06:29.596" /><!-- duration: 14ms -->
              <step title="Purge deployment items" date="2026-02-23T19:06:30.671" >
                <step title="Remove temp-1c12, Pending, received at 02/23/2026 19:03:22" date="2026-02-23T19:06:30.737" /><!-- duration: 4ms -->
              </step><!-- duration: 74ms -->
            </step><!-- duration: 148632ms -->
          </step><!-- duration: 149052ms -->
          <step title="Cleaning up temp files" date="2026-02-23T19:06:30.859" /><!-- duration: 5ms -->
          <step title="Cleaning up temp files" date="2026-02-23T19:06:30.880" /><!-- duration: 508ms -->
          <step title="Reloading status file with latest updates" date="2026-02-23T19:06:31.420" >
            <step title="WebHooksManager.PublishEventAsync: PostDeployment" date="2026-02-23T19:06:31.427" /><!-- duration: 144ms -->
          </step><!-- duration: 157ms -->
          <step title="Cleaning up temporary deployment - fetch deployment was successful" date="2026-02-23T19:06:31.587" /><!-- duration: 5ms -->
        </step><!-- duration: 150045ms -->
      </step><!-- duration: 151851ms -->
