<step title="Incoming Request" date="2026-02-23T19:15:20.197" instance="c8e42a" url="/api/zipdeploy?isAsync=true" method="POST" type="request" pid="833,1,22" Accept="*/*" Host="kholo-may-boutique.scm.azurewebsites.net" User-Agent="AZURECLI/2.83.0 (MSI)" Accept-Encoding="gzip, deflate" Authorization="Bea..." Cache-Control="no-cache" Content-Type="application/octet-stream" Content-Length="12685466" x-ms-client-request-id="d4bd4b0b-10eb-11f1-a502-c0b5d71b77b6" x-ms-artifact-checksum="8178d5412765f775e54285c06bb96eaa37a698b4ca81834ee1fc3f4a131deeb5" X-ARR-LOG-ID="d4bd4b0b-10eb-11f1-a502-c0b5d71b77b6" CLIENT-IP="105.245.240.153:34472" X-SITE-DEPLOYMENT-ID="kholo-may-boutique" WAS-DEFAULT-HOSTNAME="kholo-may-boutique.scm.azurewebsites.net" X-Forwarded-Proto="https" X-AppService-Proto="https" X-Forwarded-TlsVersion="1.3" X-WAWS-Unencoded-URL="/api/zipdeploy?isAsync=true" X-Client-IP="105.245.240.153" X-Client-Port="34472" >
  <step title="Cleanup Xml Logs" date="2026-02-23T19:15:20.202" >
    <step title="Cleanup Infos" date="2026-02-23T19:15:20.255" totalFiles="214" totalCleanup="54" /><!-- duration: 6ms -->
  </step><!-- duration: 62ms -->
  <step title="ZipPushDeploy" date="2026-02-23T19:15:20.315" >
    <step title="ZipDeploy. Extract zip." date="2026-02-23T19:15:20.323" /><!-- duration: 4ms -->
    <step title="Starting PushDeployAsync" date="2026-02-23T19:15:20.333" /><!-- duration: 4ms -->
    <step title="Writing artifact to /tmp/zipdeploy/e28547f2-bd33-415d-b263-be7e82d96029.zip" date="2026-02-23T19:15:20.374" >
      <step title="Writing multipart request body to /tmp/zipdeploy/e28547f2-bd33-415d-b263-be7e82d96029.zip" date="2026-02-23T19:15:20.379" /><!-- duration: 11ms -->
    </step><!-- duration: 8480ms -->
    <step title="Removing previous build artifact&apos;s manifest file" date="2026-02-23T19:15:28.904" >
      <step title="Start deployment in the background" date="2026-02-23T19:15:28.977" >
        <step title="Acquiring Deployment Lock" date="2026-02-23T19:15:29.125" /><!-- duration: 5ms -->
        <step title="Acquired Deployment Lock" date="2026-02-23T19:15:29.189" /><!-- duration: 4ms -->
      </step><!-- duration: 516ms -->
    </step><!-- duration: 596ms -->
    <step title="Outgoing response" date="2026-02-23T19:15:29.521" type="response" statusCode="202" statusText="Accepted" /><!-- duration: 12ms -->
  </step><!-- duration: 9221ms -->
