<step title="Incoming Request" date="2026-02-24T06:55:30.925" instance="c8e42a" url="/api/deployments/latest?deployer=OneDeploy&amp;time=2026-02-24_06-55-22Z" method="GET" type="request" pid="833,1,29" Host="kholo-may-boutique.scm.azurewebsites.net" User-Agent="GITHUBACTIONS_DeployWebAppToAzure_18fab4e0fe05a7107e4bbad74201faccf5554886db050fe096de485e629b71eb" Authorization="Bea..." Content-Type="application/json; charset=utf-8" Cookie="ARRAffinity=c8e42a2e9282e266f7f8208800e3f3003a7d6e8149859585d969c3187d57e418;Path=/;HttpOnly;Secure;Domain=kholo-may-boutique.scm.azurewebsites.net; ARRAffinitySameSite=c8e42a2e9282e266f7f8208800e3f3003a7d6e8149859585d969c3187d57e418;Path=/;HttpOnly;SameSite=None;Secure;Domain=kholo-may-boutique.scm.azurewebsites.net" Content-Length="0" X-ARR-LOG-ID="e00b9e84-ea46-48cf-9f50-d0d05539bc5b" CLIENT-IP="52.225.29.96:58305" X-SITE-DEPLOYMENT-ID="kholo-may-boutique" WAS-DEFAULT-HOSTNAME="kholo-may-boutique.scm.azurewebsites.net" X-Forwarded-Proto="https" X-AppService-Proto="https" X-Forwarded-TlsVersion="1.3" X-WAWS-Unencoded-URL="/api/deployments/latest?deployer=OneDeploy&amp;time=2026-02-24_06-55-22Z" X-Client-IP="52.225.29.96" X-Client-Port="58305" >
  <step title="Cleanup Xml Logs" date="2026-02-24T06:55:30.945" >
    <step title="Cleanup Infos" date="2026-02-24T06:55:31.044" totalFiles="356" totalCleanup="196" /><!-- duration: 83ms -->
  </step><!-- duration: 222ms -->
  <step title="DeploymentService.GetResult" date="2026-02-24T06:55:31.256" >
    <step title="DeploymentService.GetLatestDeployment" date="2026-02-24T06:55:31.275" >
      <step title="DeploymentManager.GetResults" date="2026-02-24T06:55:31.295" /><!-- duration: 1196ms -->
    </step><!-- duration: 1234ms -->
  </step><!-- duration: 1264ms -->
  <step title="Outgoing response" date="2026-02-24T06:55:32.532" type="response" statusCode="202" statusText="Accepted" /><!-- duration: 11ms -->
</step><!-- duration: 1627ms -->
