<step title="Incoming Request" date="2026-02-24T07:31:40.624" instance="c8e42a" url="/api/publish?async=true&amp;deployer=GITHUB_ONE_DEPLOY&amp;type=zip&amp;message=%7B%22type%22%3A%22deployment%22%2C%22sha%22%3A%221404bbb2b683ee1c8d161321c5fe16f3af72e43e%22%2C%22repoName%22%3A%22MorokaPrince%2FKholo-May_Boutique%22%2C%22actor%22%3A%22MorokaPrince%22%2C%22slotName%22%3A%22Production%22%2C%22commitMessage%22%3A%22fix(config)%3A%20update%20iis%20rules%20for%20next.js%20standalone%5Cn%5Cn-%20Add%20rewrite%20rule%20for%20_next%2Fstatic%20to%20serve%20from%20.next%2Fstandalone%5Cn-%20Add%20rule%20to%20serve%20public%20files%20directly%20if%20they%20exist%5Cn-%20Configure%20explicit%20MIME%20types%20for%20static%20assets%22%7D" method="POST" type="request" pid="833,1,28" Host="kholo-may-boutique.scm.azurewebsites.net" User-Agent="GITHUBACTIONS_DeployWebAppToAzure_18fab4e0fe05a7107e4bbad74201faccf5554886db050fe096de485e629b71eb" Authorization="Bea..." Content-Type="application/octet-stream" Cookie="ARRAffinity=c8e42a2e9282e266f7f8208800e3f3003a7d6e8149859585d969c3187d57e418;Path=/;HttpOnly;Secure;Domain=kholo-may-boutique.scm.azurewebsites.net; ARRAffinitySameSite=c8e42a2e9282e266f7f8208800e3f3003a7d6e8149859585d969c3187d57e418;Path=/;HttpOnly;SameSite=None;Secure;Domain=kholo-may-boutique.scm.azurewebsites.net" Transfer-Encoding="chunked" X-ARR-LOG-ID="aa3a8519-8945-48bb-bc61-0c388c89f0a3" CLIENT-IP="57.151.129.49:10249" X-SITE-DEPLOYMENT-ID="kholo-may-boutique" WAS-DEFAULT-HOSTNAME="kholo-may-boutique.scm.azurewebsites.net" X-Forwarded-Proto="https" X-AppService-Proto="https" X-Forwarded-TlsVersion="1.3" X-WAWS-Unencoded-URL="/api/publish?async=true&amp;deployer=GITHUB_ONE_DEPLOY&amp;type=zip&amp;message=%7B%22type%22%3A%22deployment%22%2C%22sha%22%3A%221404bbb2b683ee1c8d161321c5fe16f3af72e43e%22%2C%22repoName%22%3A%22MorokaPrince%2FKholo-May_Boutique%22%2C%22actor%22%3A%22MorokaPrince%22%2C%22slotName%22%3A%22Production%22%2C%22commitMessage%22%3A%22fix(config)%3A%20update%20iis%20rules%20for%20next.js%20standalone%5Cn%5Cn-%20Add%20rewrite%20rule%20for%20_next%2Fstatic%20to%20serve%20from%20.next%2Fstandalone%5Cn-%20Add%20rule%20to%20serve%20public%20files%20directly%20if%20they%20exist%5Cn-%20Configure%20explicit%20MIME%20types%20for%20static%20assets%22%7D" X-Client-IP="57.151.129.49" X-Client-Port="10249" >
  <step title="Cleanup Xml Logs" date="2026-02-24T07:31:40.626" >
    <step title="Cleanup Infos" date="2026-02-24T07:31:40.637" totalFiles="476" totalCleanup="316" /><!-- duration: 4ms -->
  </step><!-- duration: 17ms -->
  <step title="OneDeploy" date="2026-02-24T07:31:40.653" >
    <step title="Starting PushDeployAsync" date="2026-02-24T07:31:40.671" /><!-- duration: 3ms -->
    <step title="Removing _del_node_modules symlink" date="2026-02-24T07:31:40.789" >
      <step title="Writing artifact to /tmp/zipdeploy/16f0f426-dcfc-43b0-b5ee-e170843049bc.zip" date="2026-02-24T07:31:40.851" >
        <step title="Writing multipart request body to /tmp/zipdeploy/16f0f426-dcfc-43b0-b5ee-e170843049bc.zip" date="2026-02-24T07:31:40.858" /><!-- duration: 15ms -->
      </step><!-- duration: 11908ms -->
      <step title="Start deployment in the background" date="2026-02-24T07:31:52.772" >
        <step title="Acquiring Deployment Lock" date="2026-02-24T07:31:52.804" /><!-- duration: 6ms -->
        <step title="Acquired Deployment Lock" date="2026-02-24T07:31:52.836" /><!-- duration: 3ms -->
      </step><!-- duration: 128ms -->
    </step><!-- duration: 12116ms -->
    <step title="Outgoing response" date="2026-02-24T07:31:52.908" type="response" statusCode="202" statusText="Accepted" /><!-- duration: 3ms -->
  </step><!-- duration: 12260ms -->
