<step title="Incoming Request" date="2026-02-24T06:56:20.251" instance="c8e42a" url="/api/deployments/latest?deployer=OneDeploy&amp;time=2026-02-24_06-55-22Z" method="GET" type="request" pid="833,1,28" Host="kholo-may-boutique.scm.azurewebsites.net" User-Agent="GITHUBACTIONS_DeployWebAppToAzure_18fab4e0fe05a7107e4bbad74201faccf5554886db050fe096de485e629b71eb" Authorization="Bea..." Content-Type="application/json; charset=utf-8" Cookie="ARRAffinity=c8e42a2e9282e266f7f8208800e3f3003a7d6e8149859585d969c3187d57e418;Path=/;HttpOnly;Secure;Domain=kholo-may-boutique.scm.azurewebsites.net; ARRAffinitySameSite=c8e42a2e9282e266f7f8208800e3f3003a7d6e8149859585d969c3187d57e418;Path=/;HttpOnly;SameSite=None;Secure;Domain=kholo-may-boutique.scm.azurewebsites.net" Content-Length="0" X-ARR-LOG-ID="fc940b76-7ebf-431d-ba99-1695d1507502" CLIENT-IP="52.225.29.96:58311" X-SITE-DEPLOYMENT-ID="kholo-may-boutique" WAS-DEFAULT-HOSTNAME="kholo-may-boutique.scm.azurewebsites.net" X-Forwarded-Proto="https" X-AppService-Proto="https" X-Forwarded-TlsVersion="1.3" X-WAWS-Unencoded-URL="/api/deployments/latest?deployer=OneDeploy&amp;time=2026-02-24_06-55-22Z" X-Client-IP="52.225.29.96" X-Client-Port="58311" >
  <step title="Cleanup Xml Logs" date="2026-02-24T06:56:20.263" >
    <step title="Cleanup Infos" date="2026-02-24T06:56:20.302" totalFiles="362" totalCleanup="202" /><!-- duration: 30ms -->
  </step><!-- duration: 90ms -->
  <step title="DeploymentService.GetResult" date="2026-02-24T06:56:20.383" >
    <step title="DeploymentService.GetLatestDeployment" date="2026-02-24T06:56:20.393" >
      <step title="DeploymentManager.GetResults" date="2026-02-24T06:56:20.403" /><!-- duration: 1005ms -->
    </step><!-- duration: 1055ms -->
  </step><!-- duration: 1084ms -->
  <step title="Outgoing response" date="2026-02-24T06:56:21.479" type="response" statusCode="202" statusText="Accepted" /><!-- duration: 18ms -->
</step><!-- duration: 1256ms -->
