<step title="Incoming Request" date="2026-02-23T18:58:16.675" instance="c8e42a" url="/api/publish?async=true&amp;deployer=GITHUB_ONE_DEPLOY&amp;type=zip&amp;message=%7B%22type%22%3A%22deployment%22%2C%22sha%22%3A%2213fd29bf1a19f4895c4268cc3bc072f96ccccc1f%22%2C%22repoName%22%3A%22MorokaPrince%2FKholo-May_Boutique%22%2C%22actor%22%3A%22MorokaPrince%22%2C%22slotName%22%3A%22Production%22%2C%22commitMessage%22%3A%22Add%20or%20update%20the%20Azure%20App%20Service%20build%20and%20deployment%20workflow%20config%22%7D" method="POST" type="request" pid="833,1,16" Host="kholo-may-boutique.scm.azurewebsites.net" User-Agent="GITHUBACTIONS_DeployWebAppToAzure_18fab4e0fe05a7107e4bbad74201faccf5554886db050fe096de485e629b71eb" Authorization="Bea..." Content-Type="application/octet-stream" Cookie="ARRAffinity=c8e42a2e9282e266f7f8208800e3f3003a7d6e8149859585d969c3187d57e418;Path=/;HttpOnly;Secure;Domain=kholo-may-boutique.scm.azurewebsites.net; ARRAffinitySameSite=c8e42a2e9282e266f7f8208800e3f3003a7d6e8149859585d969c3187d57e418;Path=/;HttpOnly;SameSite=None;Secure;Domain=kholo-may-boutique.scm.azurewebsites.net" Transfer-Encoding="chunked" X-ARR-LOG-ID="3c041036-86ec-4dac-91ff-e6e76f9779a8" CLIENT-IP="52.159.247.196:4097" X-SITE-DEPLOYMENT-ID="kholo-may-boutique" WAS-DEFAULT-HOSTNAME="kholo-may-boutique.scm.azurewebsites.net" X-Forwarded-Proto="https" X-AppService-Proto="https" X-Forwarded-TlsVersion="1.3" X-WAWS-Unencoded-URL="/api/publish?async=true&amp;deployer=GITHUB_ONE_DEPLOY&amp;type=zip&amp;message=%7B%22type%22%3A%22deployment%22%2C%22sha%22%3A%2213fd29bf1a19f4895c4268cc3bc072f96ccccc1f%22%2C%22repoName%22%3A%22MorokaPrince%2FKholo-May_Boutique%22%2C%22actor%22%3A%22MorokaPrince%22%2C%22slotName%22%3A%22Production%22%2C%22commitMessage%22%3A%22Add%20or%20update%20the%20Azure%20App%20Service%20build%20and%20deployment%20workflow%20config%22%7D" X-Client-IP="52.159.247.196" X-Client-Port="4097" >
  <step title="Cleanup Xml Logs" date="2026-02-23T18:58:16.710" /><!-- duration: 11ms -->
  <step title="OneDeploy" date="2026-02-23T18:58:16.764" >
    <step title="None repository commit" date="2026-02-23T18:58:16.798" >
      <step title="Commit id: e7ef9d38-3918-4178-9b9b-7259a7c936f2" date="2026-02-23T18:58:16.813" Message="N/A" AuthorName="N/A" AuthorEmail="N/A" /><!-- duration: 4ms -->
    </step><!-- duration: 22ms -->
    <step title="Starting PushDeployAsync" date="2026-02-23T18:58:16.826" /><!-- duration: 64ms -->
    <step title="Writing artifact to /tmp/zipdeploy/0ff448eb-f19e-4c4f-a5eb-9dfabe01eb98.zip" date="2026-02-23T18:58:16.929" >
      <step title="Writing multipart request body to /tmp/zipdeploy/0ff448eb-f19e-4c4f-a5eb-9dfabe01eb98.zip" date="2026-02-23T18:58:16.942" /><!-- duration: 5ms -->
    </step><!-- duration: 15552ms -->
    <step title="Start deployment in the background" date="2026-02-23T18:58:32.508" >
      <step title="Acquiring Deployment Lock" date="2026-02-23T18:58:32.584" /><!-- duration: 11ms -->
      <step title="Acquired Deployment Lock" date="2026-02-23T18:58:32.636" /><!-- duration: 5ms -->
    </step><!-- duration: 282ms -->
  </step><!-- duration: 16036ms -->
  <step title="Outgoing response" date="2026-02-23T18:58:32.811" type="response" statusCode="202" statusText="Accepted" /><!-- duration: 7ms -->
</step><!-- duration: 16146ms -->
