<step title="Incoming Request" date="2026-02-24T06:55:04.798" instance="c8e42a" url="/api/publish?async=true&amp;deployer=GITHUB_ONE_DEPLOY&amp;type=zip&amp;message=%7B%22type%22%3A%22deployment%22%2C%22sha%22%3A%22d787db3c4e1834d26f7c6986c3e12d4fb1942130%22%2C%22repoName%22%3A%22MorokaPrince%2FKholo-May_Boutique%22%2C%22actor%22%3A%22MorokaPrince%22%2C%22slotName%22%3A%22Production%22%2C%22commitMessage%22%3A%22%22%7D" method="POST" type="request" pid="833,1,29" Host="kholo-may-boutique.scm.azurewebsites.net" User-Agent="GITHUBACTIONS_DeployWebAppToAzure_18fab4e0fe05a7107e4bbad74201faccf5554886db050fe096de485e629b71eb" Authorization="Bea..." Content-Type="application/octet-stream" Cookie="ARRAffinity=c8e42a2e9282e266f7f8208800e3f3003a7d6e8149859585d969c3187d57e418;Path=/;HttpOnly;Secure;Domain=kholo-may-boutique.scm.azurewebsites.net; ARRAffinitySameSite=c8e42a2e9282e266f7f8208800e3f3003a7d6e8149859585d969c3187d57e418;Path=/;HttpOnly;SameSite=None;Secure;Domain=kholo-may-boutique.scm.azurewebsites.net" Transfer-Encoding="chunked" X-ARR-LOG-ID="ad72b992-2fc3-48c6-98c8-6dc846d5e7f1" CLIENT-IP="52.225.29.96:58304" X-SITE-DEPLOYMENT-ID="kholo-may-boutique" WAS-DEFAULT-HOSTNAME="kholo-may-boutique.scm.azurewebsites.net" X-Forwarded-Proto="https" X-AppService-Proto="https" X-Forwarded-TlsVersion="1.3" X-WAWS-Unencoded-URL="/api/publish?async=true&amp;deployer=GITHUB_ONE_DEPLOY&amp;type=zip&amp;message=%7B%22type%22%3A%22deployment%22%2C%22sha%22%3A%22d787db3c4e1834d26f7c6986c3e12d4fb1942130%22%2C%22repoName%22%3A%22MorokaPrince%2FKholo-May_Boutique%22%2C%22actor%22%3A%22MorokaPrince%22%2C%22slotName%22%3A%22Production%22%2C%22commitMessage%22%3A%22%22%7D" X-Client-IP="52.225.29.96" X-Client-Port="58304" >
  <step title="Cleanup Xml Logs" date="2026-02-24T06:55:04.802" >
    <step title="Cleanup Infos" date="2026-02-24T06:55:04.811" totalFiles="353" totalCleanup="193" /><!-- duration: 14ms -->
  </step><!-- duration: 29ms -->
  <step title="OneDeploy" date="2026-02-24T06:55:04.861" >
    <step title="Starting PushDeployAsync" date="2026-02-24T06:55:04.869" /><!-- duration: 3ms -->
    <step title="Removing _del_node_modules symlink" date="2026-02-24T06:55:04.887" >
      <step title="Writing artifact to /tmp/zipdeploy/8ceca255-ba0c-4fb2-bf58-240f92811632.zip" date="2026-02-24T06:55:04.951" >
        <step title="Writing multipart request body to /tmp/zipdeploy/8ceca255-ba0c-4fb2-bf58-240f92811632.zip" date="2026-02-24T06:55:04.961" /><!-- duration: 22ms -->
      </step><!-- duration: 16996ms -->
      <step title="Start deployment in the background" date="2026-02-24T06:55:21.966" >
        <step title="Acquiring Deployment Lock" date="2026-02-24T06:55:22.066" /><!-- duration: 6ms -->
        <step title="Acquired Deployment Lock" date="2026-02-24T06:55:22.097" /><!-- duration: 3ms -->
      </step><!-- duration: 223ms -->
    </step><!-- duration: 17311ms -->
    <step title="Outgoing response" date="2026-02-24T06:55:22.202" type="response" statusCode="202" statusText="Accepted" /><!-- duration: 3ms -->
  </step><!-- duration: 17347ms -->
