<step title="Incoming Request" date="2026-02-24T07:03:17.071" instance="c8e42a" url="/api/deployments/latest?deployer=OneDeploy&amp;time=2026-02-24_07-00-28Z" method="GET" type="request" pid="833,1,32" Host="kholo-may-boutique.scm.azurewebsites.net" User-Agent="GITHUBACTIONS_DeployWebAppToAzure_18fab4e0fe05a7107e4bbad74201faccf5554886db050fe096de485e629b71eb" Authorization="Bea..." Content-Type="application/json; charset=utf-8" Cookie="ARRAffinity=c8e42a2e9282e266f7f8208800e3f3003a7d6e8149859585d969c3187d57e418;Path=/;HttpOnly;Secure;Domain=kholo-may-boutique.scm.azurewebsites.net; ARRAffinitySameSite=c8e42a2e9282e266f7f8208800e3f3003a7d6e8149859585d969c3187d57e418;Path=/;HttpOnly;SameSite=None;Secure;Domain=kholo-may-boutique.scm.azurewebsites.net" Content-Length="0" X-ARR-LOG-ID="2e63f355-7853-4161-889b-f1b03f3c25e5" CLIENT-IP="52.242.243.97:55251" X-SITE-DEPLOYMENT-ID="kholo-may-boutique" WAS-DEFAULT-HOSTNAME="kholo-may-boutique.scm.azurewebsites.net" X-Forwarded-Proto="https" X-AppService-Proto="https" X-Forwarded-TlsVersion="1.3" X-WAWS-Unencoded-URL="/api/deployments/latest?deployer=OneDeploy&amp;time=2026-02-24_07-00-28Z" X-Client-IP="52.242.243.97" X-Client-Port="55251" >
  <step title="Cleanup Xml Logs" date="2026-02-24T07:03:17.080" >
    <step title="Cleanup Infos" date="2026-02-24T07:03:17.111" totalFiles="420" totalCleanup="260" /><!-- duration: 12ms -->
  </step><!-- duration: 53ms -->
  <step title="DeploymentService.GetResult" date="2026-02-24T07:03:17.161" >
    <step title="DeploymentService.GetLatestDeployment" date="2026-02-24T07:03:17.172" >
      <step title="DeploymentManager.GetResults" date="2026-02-24T07:03:17.182" /><!-- duration: 879ms -->
    </step><!-- duration: 899ms -->
  </step><!-- duration: 930ms -->
  <step title="Outgoing response" date="2026-02-24T07:03:18.114" type="response" statusCode="202" statusText="Accepted" /><!-- duration: 10ms -->
</step><!-- duration: 1062ms -->
