<step title="Incoming Request" date="2026-02-24T07:04:39.130" instance="c8e42a" url="/api/deployments/latest?deployer=OneDeploy&amp;time=2026-02-24_07-00-28Z" method="GET" type="request" pid="833,1,32" Host="kholo-may-boutique.scm.azurewebsites.net" User-Agent="GITHUBACTIONS_DeployWebAppToAzure_18fab4e0fe05a7107e4bbad74201faccf5554886db050fe096de485e629b71eb" Authorization="Bea..." Content-Type="application/json; charset=utf-8" Cookie="ARRAffinity=c8e42a2e9282e266f7f8208800e3f3003a7d6e8149859585d969c3187d57e418;Path=/;HttpOnly;Secure;Domain=kholo-may-boutique.scm.azurewebsites.net; ARRAffinitySameSite=c8e42a2e9282e266f7f8208800e3f3003a7d6e8149859585d969c3187d57e418;Path=/;HttpOnly;SameSite=None;Secure;Domain=kholo-may-boutique.scm.azurewebsites.net" Content-Length="0" X-ARR-LOG-ID="454d53b0-545b-4f76-a0ba-c073cc368e01" CLIENT-IP="52.242.243.97:55257" X-SITE-DEPLOYMENT-ID="kholo-may-boutique" WAS-DEFAULT-HOSTNAME="kholo-may-boutique.scm.azurewebsites.net" X-Forwarded-Proto="https" X-AppService-Proto="https" X-Forwarded-TlsVersion="1.3" X-WAWS-Unencoded-URL="/api/deployments/latest?deployer=OneDeploy&amp;time=2026-02-24_07-00-28Z" X-Client-IP="52.242.243.97" X-Client-Port="55257" >
  <step title="Cleanup Xml Logs" date="2026-02-24T07:04:39.139" >
    <step title="Cleanup Infos" date="2026-02-24T07:04:39.277" totalFiles="431" totalCleanup="271" /><!-- duration: 40ms -->
  </step><!-- duration: 190ms -->
  <step title="DeploymentService.GetResult" date="2026-02-24T07:04:39.389" >
    <step title="DeploymentService.GetLatestDeployment" date="2026-02-24T07:04:39.415" >
      <step title="DeploymentManager.GetResults" date="2026-02-24T07:04:39.427" /><!-- duration: 1170ms -->
    </step><!-- duration: 1201ms -->
  </step><!-- duration: 1238ms -->
  <step title="Outgoing response" date="2026-02-24T07:04:40.655" type="response" statusCode="202" statusText="Accepted" /><!-- duration: 10ms -->
</step><!-- duration: 1544ms -->
