<step title="Incoming Request" date="2026-02-24T07:22:51.952" instance="c8e42a" url="/api/deployments/latest?deployer=OneDeploy&amp;time=2026-02-24_07-22-11Z" method="GET" type="request" pid="833,1,18" Host="kholo-may-boutique.scm.azurewebsites.net" User-Agent="GITHUBACTIONS_DeployWebAppToAzure_18fab4e0fe05a7107e4bbad74201faccf5554886db050fe096de485e629b71eb" Authorization="Bea..." Content-Type="application/json; charset=utf-8" Cookie="ARRAffinity=c8e42a2e9282e266f7f8208800e3f3003a7d6e8149859585d969c3187d57e418;Path=/;HttpOnly;Secure;Domain=kholo-may-boutique.scm.azurewebsites.net; ARRAffinitySameSite=c8e42a2e9282e266f7f8208800e3f3003a7d6e8149859585d969c3187d57e418;Path=/;HttpOnly;SameSite=None;Secure;Domain=kholo-may-boutique.scm.azurewebsites.net" Content-Length="0" X-ARR-LOG-ID="87b8d600-b5ed-41f4-b0bb-f6fcde872ee5" CLIENT-IP="64.236.140.181:18457" X-SITE-DEPLOYMENT-ID="kholo-may-boutique" WAS-DEFAULT-HOSTNAME="kholo-may-boutique.scm.azurewebsites.net" X-Forwarded-Proto="https" X-AppService-Proto="https" X-Forwarded-TlsVersion="1.3" X-WAWS-Unencoded-URL="/api/deployments/latest?deployer=OneDeploy&amp;time=2026-02-24_07-22-11Z" X-Client-IP="64.236.140.181" X-Client-Port="18457" >
  <step title="Cleanup Xml Logs" date="2026-02-24T07:22:51.961" >
    <step title="Cleanup Infos" date="2026-02-24T07:22:51.991" totalFiles="450" totalCleanup="290" /><!-- duration: 56ms -->
  </step><!-- duration: 105ms -->
  <step title="DeploymentService.GetResult" date="2026-02-24T07:22:52.088" >
    <step title="DeploymentService.GetLatestDeployment" date="2026-02-24T07:22:52.106" >
      <step title="DeploymentManager.GetResults" date="2026-02-24T07:22:52.152" /><!-- duration: 1043ms -->
    </step><!-- duration: 1111ms -->
  </step><!-- duration: 1139ms -->
  <step title="Outgoing response" date="2026-02-24T07:22:53.245" type="response" statusCode="202" statusText="Accepted" /><!-- duration: 11ms -->
</step><!-- duration: 1314ms -->
