<step title="BackgroundTrace" date="2026-02-24T07:00:27.300" instance="c8e42a" url="/api/publish" method="POST" >
  <step title="Cleanup Xml Logs" date="2026-02-24T07:00:27.320" >
    <step title="Cleanup Infos" date="2026-02-24T07:00:27.410" totalFiles="399" totalCleanup="239" /><!-- duration: 52ms -->
  </step><!-- duration: 162ms -->
  <step title="Creating temporary deployment - FetchDeploymentManager" date="2026-02-24T07:00:27.833" /><!-- duration: 40ms -->
  <step title="Creating temporary deployment" date="2026-02-24T07:00:27.911" /><!-- duration: 311ms -->
  <step title="Performing fetch based deployment" date="2026-02-24T07:00:28.825" >
    <step title="Cleaning up temp folders from previous zip deployments and extracting pushed zip file /tmp/zipdeploy/1a037b58-0408-4dc0-a824-8a611b839dbd.zip (199.85 MB) to /tmp/zipdeploy/extracted" date="2026-02-24T07:00:30.908" >
      <step title="ChmodRecursive Process exited with total time taken in ms: 172" date="2026-02-24T07:01:55.113" /><!-- duration: 20ms -->
    </step><!-- duration: 84255ms -->
    <step title="Deployment timer started" date="2026-02-24T07:01:57.227" >
      <step title="DeploymentManager.Deploy(id:742fbeb3-3d02-41c6-9973-bb0a31605319)" date="2026-02-24T07:01:57.234" >
        <step title="Collecting changeset information" date="2026-02-24T07:01:57.273" /><!-- duration: 100ms -->
        <step title="Updating submodules" date="2026-02-24T07:01:57.379" /><!-- duration: 1112ms -->
        <step title="Determining deployment builder" date="2026-02-24T07:01:58.731" >
          <step title="Builder is OneDeployBuilder" date="2026-02-24T07:01:58.755" /><!-- duration: 3ms -->
        </step><!-- duration: 30ms -->
        <step title="PreDeployment: context.CleanOutputPath False" date="2026-02-24T07:01:58.800" >
          <step title="PreDeployment: context.OutputPath /home/site/wwwroot" date="2026-02-24T07:01:58.890" >
            <step title="Building" date="2026-02-24T07:01:59.024" >
              <step title="Executing external process" date="2026-02-24T07:01:59.637" type="process" path="starter.sh" arguments="/opt/Kudu/Scripts/absoluteTar.sh /tmp/zipdeploy/extracted/node_modules /tmp/zipdeploy/extracted/node_modules.tar.gz" >
                <step title="Cpu: gzip(1310,21.800s)+sh(1309,0.000s)+tar(1308,2.410s)+absoluteTar.sh(1307,0.000s)=total(24.190s)" date="2026-02-24T07:03:00.224" /><!-- duration: 19ms -->
                <step title="starter.sh: no io activity for 61s, prev-cpu=-1.000s, current-cpu=24.190s" date="2026-02-24T07:03:00.262" /><!-- duration: 42ms -->
                <step title="Cpu: gzip(1310,66.290s)+sh(1309,0.000s)+tar(1308,5.630s)+absoluteTar.sh(1307,0.000s)=total(71.920s)" date="2026-02-24T07:04:00.661" /><!-- duration: 29ms -->
                <step title="starter.sh: no io activity for 121s, prev-cpu=24.190s, current-cpu=71.920s" date="2026-02-24T07:04:00.719" /><!-- duration: 38ms -->
              </step><!-- duration: 161581ms -->
              <step title="Executing external process" date="2026-02-24T07:04:41.456" type="process" path="starter.sh" arguments="/opt/Kudu/Scripts/parallel_rsync.sh /tmp/zipdeploy/extracted /home/site/wwwroot 8 /tmp/ False False node_modules " /><!-- duration: 16191ms -->
              <step title="Modified file to trigger a restart of the app container." date="2026-02-24T07:04:58.330" /><!-- duration: 4ms -->
              <step title="Skip function trigger and logicapp sync because function is not enabled." date="2026-02-24T07:04:58.337" /><!-- duration: 4ms -->
              <step title="Purge deployment items" date="2026-02-24T07:04:59.284" >
                <step title="Remove 0422fdc3-, Success, received at 02/23/2026 02:03:01" date="2026-02-24T07:04:59.331" /><!-- duration: 11ms -->
              </step><!-- duration: 61ms -->
            </step><!-- duration: 180384ms -->
          </step><!-- duration: 180525ms -->
          <step title="Cleaning up temp files" date="2026-02-24T07:04:59.418" /><!-- duration: 21ms -->
          <step title="Cleaning up temp files" date="2026-02-24T07:04:59.442" /><!-- duration: 514ms -->
          <step title="Reloading status file with latest updates" date="2026-02-24T07:05:00.040" >
            <step title="WebHooksManager.PublishEventAsync: PostDeployment" date="2026-02-24T07:05:00.047" /><!-- duration: 57ms -->
          </step><!-- duration: 72ms -->
          <step title="Cleaning up temporary deployment - fetch deployment was successful" date="2026-02-24T07:05:00.117" /><!-- duration: 3ms -->
        </step><!-- duration: 181380ms -->
      </step><!-- duration: 182960ms -->
