<step title="Incoming Request" date="2026-02-24T06:57:07.900" instance="c8e42a" url="/api/deployments/latest?deployer=OneDeploy&amp;time=2026-02-24_06-55-22Z" method="GET" type="request" pid="833,1,28" Host="kholo-may-boutique.scm.azurewebsites.net" User-Agent="GITHUBACTIONS_DeployWebAppToAzure_18fab4e0fe05a7107e4bbad74201faccf5554886db050fe096de485e629b71eb" Authorization="Bea..." Content-Type="application/json; charset=utf-8" Cookie="ARRAffinity=c8e42a2e9282e266f7f8208800e3f3003a7d6e8149859585d969c3187d57e418;Path=/;HttpOnly;Secure;Domain=kholo-may-boutique.scm.azurewebsites.net; ARRAffinitySameSite=c8e42a2e9282e266f7f8208800e3f3003a7d6e8149859585d969c3187d57e418;Path=/;HttpOnly;SameSite=None;Secure;Domain=kholo-may-boutique.scm.azurewebsites.net" Content-Length="0" X-ARR-LOG-ID="a4e66695-7ac5-4466-9a15-4a568d555e6a" CLIENT-IP="52.225.29.96:58316" X-SITE-DEPLOYMENT-ID="kholo-may-boutique" WAS-DEFAULT-HOSTNAME="kholo-may-boutique.scm.azurewebsites.net" X-Forwarded-Proto="https" X-AppService-Proto="https" X-Forwarded-TlsVersion="1.3" X-WAWS-Unencoded-URL="/api/deployments/latest?deployer=OneDeploy&amp;time=2026-02-24_06-55-22Z" X-Client-IP="52.225.29.96" X-Client-Port="58316" >
  <step title="Cleanup Xml Logs" date="2026-02-24T06:57:07.910" >
    <step title="Cleanup Infos" date="2026-02-24T06:57:08.013" totalFiles="368" totalCleanup="208" /><!-- duration: 29ms -->
  </step><!-- duration: 153ms -->
  <step title="DeploymentService.GetResult" date="2026-02-24T06:57:08.121" >
    <step title="DeploymentService.GetLatestDeployment" date="2026-02-24T06:57:08.161" >
      <step title="DeploymentManager.GetResults" date="2026-02-24T06:57:08.262" /><!-- duration: 1166ms -->
    </step><!-- duration: 1286ms -->
  </step><!-- duration: 1336ms -->
  <step title="Outgoing response" date="2026-02-24T06:57:09.469" type="response" statusCode="202" statusText="Accepted" /><!-- duration: 10ms -->
</step><!-- duration: 1597ms -->
