<step title="BackgroundTrace" date="2026-02-23T19:15:28.987" instance="c8e42a" url="/api/zipdeploy" method="POST" >
  <step title="Cleanup Xml Logs" date="2026-02-23T19:15:29.009" >
    <step title="Cleanup Infos" date="2026-02-23T19:15:29.020" totalFiles="215" totalCleanup="55" /><!-- duration: 7ms -->
  </step><!-- duration: 52ms -->
  <step title="Creating temporary deployment - FetchDeploymentManager" date="2026-02-23T19:15:29.197" /><!-- duration: 5ms -->
  <step title="Creating temporary deployment" date="2026-02-23T19:15:29.206" /><!-- duration: 277ms -->
  <step title="Performing fetch based deployment" date="2026-02-23T19:15:29.545" >
    <step title="Cleaning up temp folders from previous zip deployments and extracting pushed zip file /tmp/zipdeploy/e28547f2-bd33-415d-b263-be7e82d96029.zip (12.10 MB) to /tmp/zipdeploy/extracted" date="2026-02-23T19:15:30.751" >
      <step title="ChmodRecursive Process exited with total time taken in ms: 129" date="2026-02-23T19:15:35.820" /><!-- duration: 5ms -->
    </step><!-- duration: 5079ms -->
    <step title="Deployment timer started" date="2026-02-23T19:15:37.850" >
      <step title="DeploymentManager.Deploy(id:fc2b7c93-79eb-4bc7-83be-3583cfe2ca8b)" date="2026-02-23T19:15:37.868" >
        <step title="Collecting changeset information" date="2026-02-23T19:15:37.933" /><!-- duration: 400ms -->
        <step title="Updating submodules" date="2026-02-23T19:15:38.342" /><!-- duration: 1391ms -->
        <step title="Determining deployment builder" date="2026-02-23T19:15:40.003" >
          <step title="Builder is OryxBuilder" date="2026-02-23T19:15:40.066" /><!-- duration: 22ms -->
        </step><!-- duration: 90ms -->
        <step title="PreDeployment: context.CleanOutputPath False" date="2026-02-23T19:15:40.190" >
          <step title="PreDeployment: context.OutputPath /home/site/wwwroot" date="2026-02-23T19:15:40.425" >
            <step title="Building" date="2026-02-23T19:15:40.679" >
              <step title="Executing external process" date="2026-02-23T19:15:41.386" type="process" path="bash" arguments="-c &quot;oryx build /tmp/zipdeploy/extracted -o /home/site/wwwroot --platform nodejs --platform-version 20 -p virtualenv_name= --log-file /tmp/build-debug.log  -i /tmp/8de730feec92c8d -p compress_node_modules=tar-gz | tee /tmp/oryx-build.log ; exit $PIPESTATUS &quot;" >
                <step title="Cpu: npm install(1389,69.270s)+build.sh(1291,0.050s)+oryx(1271,9.230s)+tee(1272,0.000s)+bash(1270,0.000s)=total(78.530s)" date="2026-02-23T19:19:09.038" /><!-- duration: 41ms -->
                <step title="bash: no io activity for 61s, prev-cpu=-1.000s, current-cpu=78.530s" date="2026-02-23T19:19:09.208" /><!-- duration: 100ms -->
                <step title="Cpu: npm install(1389,77.730s)+build.sh(1291,0.050s)+oryx(1271,9.380s)+tee(1272,0.000s)+bash(1270,0.000s)=total(87.130s)" date="2026-02-23T19:20:14.095" /><!-- duration: 22ms -->
                <step title="bash: no io activity for 122s, prev-cpu=78.530s, current-cpu=87.130s" date="2026-02-23T19:20:14.145" /><!-- duration: 310ms -->
                <step title="Cpu: node(1660,30.290s)+node(1643,4.480s)+sh(1642,0.000s)+npm run build(1631,0.740s)+build.sh(1291,0.050s)+oryx(1271,10.170s)+tee(1272,0.000s)+bash(1270,0.000s)=total(45.720s)" date="2026-02-23T19:22:55.648" /><!-- duration: 12ms -->
                <step title="bash: no io activity for 61s, prev-cpu=-1.000s, current-cpu=45.720s" date="2026-02-23T19:22:55.778" /><!-- duration: 70ms -->
                <step title="Cpu: node(1709,32.820s)+node(1643,4.600s)+sh(1642,0.000s)+npm run build(1631,0.740s)+build.sh(1291,0.050s)+oryx(1271,10.230s)+tee(1272,0.000s)+bash(1270,0.000s)=total(48.440s)" date="2026-02-23T19:23:56.514" /><!-- duration: 20ms -->
                <step title="bash: no io activity for 122s, prev-cpu=45.720s, current-cpu=48.440s" date="2026-02-23T19:23:56.547" /><!-- duration: 39ms -->
                <step title="Cpu: gzip(1837,43.730s)+sh(1836,0.000s)+tar(1835,4.450s)+build.sh(1291,0.050s)+oryx(1271,10.490s)+tee(1272,0.000s)+bash(1270,0.000s)=total(58.710s)" date="2026-02-23T19:27:11.873" /><!-- duration: 21ms -->
                <step title="bash: no io activity for 61s, prev-cpu=-1.000s, current-cpu=58.710s" date="2026-02-23T19:27:11.933" /><!-- duration: 70ms -->
                <step title="Cpu: gzip(1837,76.950s)+sh(1836,0.000s)+tar(1835,5.270s)+build.sh(1291,0.050s)+oryx(1271,10.500s)+tee(1272,0.000s)+bash(1270,0.000s)=total(92.770s)" date="2026-02-23T19:28:12.660" /><!-- duration: 18ms -->
                <step title="bash: no io activity for 121s, prev-cpu=58.710s, current-cpu=92.770s" date="2026-02-23T19:28:12.699" /><!-- duration: 62ms -->
              </step><!-- duration: 795658ms -->
              <step title="Using GenericDeploymentLogParser" date="2026-02-23T19:28:57.481" /><!-- duration: 12ms -->
              <step title="Triggering recycle (preview mode disabled)." date="2026-02-23T19:28:58.529" /><!-- duration: 17ms -->
              <step title="Modified file to trigger a restart of the app container." date="2026-02-23T19:28:58.587" /><!-- duration: 4ms -->
              <step title="Skip function trigger and logicapp sync because function is not enabled." date="2026-02-23T19:28:58.598" /><!-- duration: 13ms -->
              <step title="Purge deployment items" date="2026-02-23T19:28:59.431" >
                <step title="Remove temp-975a, Pending, received at 02/23/2026 19:15:29" date="2026-02-23T19:28:59.492" /><!-- duration: 4ms -->
              </step><!-- duration: 71ms -->
            </step><!-- duration: 798908ms -->
          </step><!-- duration: 799175ms -->
          <step title="Cleaning up temp files" date="2026-02-23T19:28:59.604" /><!-- duration: 4294ms -->
          <step title="Cleaning up temp files" date="2026-02-23T19:29:03.909" /><!-- duration: 530ms -->
          <step title="Reloading status file with latest updates" date="2026-02-23T19:29:04.475" >
            <step title="WebHooksManager.PublishEventAsync: PostDeployment" date="2026-02-23T19:29:04.484" /><!-- duration: 55ms -->
          </step><!-- duration: 69ms -->
          <step title="Cleaning up temporary deployment - fetch deployment was successful" date="2026-02-23T19:29:04.557" /><!-- duration: 5ms -->
        </step><!-- duration: 804415ms -->
      </step><!-- duration: 806758ms -->
