<step title="Incoming Request" date="2026-02-24T06:59:29.893" instance="c8e42a" url="/api/deployments/latest?deployer=OneDeploy&amp;time=2026-02-24_06-55-22Z" method="GET" type="request" pid="833,1,17" Host="kholo-may-boutique.scm.azurewebsites.net" User-Agent="GITHUBACTIONS_DeployWebAppToAzure_18fab4e0fe05a7107e4bbad74201faccf5554886db050fe096de485e629b71eb" Authorization="Bea..." Content-Type="application/json; charset=utf-8" Cookie="ARRAffinity=c8e42a2e9282e266f7f8208800e3f3003a7d6e8149859585d969c3187d57e418;Path=/;HttpOnly;Secure;Domain=kholo-may-boutique.scm.azurewebsites.net; ARRAffinitySameSite=c8e42a2e9282e266f7f8208800e3f3003a7d6e8149859585d969c3187d57e418;Path=/;HttpOnly;SameSite=None;Secure;Domain=kholo-may-boutique.scm.azurewebsites.net" Content-Length="0" X-ARR-LOG-ID="4f116ae7-a0c4-49a7-a0ce-96da09104cf4" CLIENT-IP="52.225.29.96:58331" X-SITE-DEPLOYMENT-ID="kholo-may-boutique" WAS-DEFAULT-HOSTNAME="kholo-may-boutique.scm.azurewebsites.net" X-Forwarded-Proto="https" X-AppService-Proto="https" X-Forwarded-TlsVersion="1.3" X-WAWS-Unencoded-URL="/api/deployments/latest?deployer=OneDeploy&amp;time=2026-02-24_06-55-22Z" X-Client-IP="52.225.29.96" X-Client-Port="58331" >
  <step title="Cleanup Xml Logs" date="2026-02-24T06:59:30.027" >
    <step title="Cleanup Infos" date="2026-02-24T06:59:30.075" totalFiles="394" totalCleanup="234" /><!-- duration: 5ms -->
  </step><!-- duration: 69ms -->
  <step title="DeploymentService.GetResult" date="2026-02-24T06:59:30.111" >
    <step title="DeploymentService.GetLatestDeployment" date="2026-02-24T06:59:30.128" >
      <step title="DeploymentManager.GetResults" date="2026-02-24T06:59:30.250" /><!-- duration: 1064ms -->
    </step><!-- duration: 1196ms -->
  </step><!-- duration: 1230ms -->
  <step title="Outgoing response" date="2026-02-24T06:59:31.365" type="response" statusCode="202" statusText="Accepted" /><!-- duration: 5ms -->
</step><!-- duration: 1483ms -->
