<step title="Incoming Request" date="2026-02-23T21:50:58.136" instance="c8e42a" url="/api/deployments/latest?deployer=OneDeploy&amp;time=2026-02-23_21-46-58Z" method="GET" type="request" pid="833,1,60" Host="kholo-may-boutique.scm.azurewebsites.net" User-Agent="GITHUBACTIONS_DeployWebAppToAzure_18fab4e0fe05a7107e4bbad74201faccf5554886db050fe096de485e629b71eb" Authorization="Bea..." Content-Type="application/json; charset=utf-8" Cookie="ARRAffinity=c8e42a2e9282e266f7f8208800e3f3003a7d6e8149859585d969c3187d57e418;Path=/;HttpOnly;Secure;Domain=kholo-may-boutique.scm.azurewebsites.net; ARRAffinitySameSite=c8e42a2e9282e266f7f8208800e3f3003a7d6e8149859585d969c3187d57e418;Path=/;HttpOnly;SameSite=None;Secure;Domain=kholo-may-boutique.scm.azurewebsites.net" Content-Length="0" X-ARR-LOG-ID="a6d3e9a9-d427-4135-85d8-63b7dd9e7bdb" CLIENT-IP="135.232.216.53:18501" X-SITE-DEPLOYMENT-ID="kholo-may-boutique" WAS-DEFAULT-HOSTNAME="kholo-may-boutique.scm.azurewebsites.net" X-Forwarded-Proto="https" X-AppService-Proto="https" X-Forwarded-TlsVersion="1.3" X-WAWS-Unencoded-URL="/api/deployments/latest?deployer=OneDeploy&amp;time=2026-02-23_21-46-58Z" X-Client-IP="135.232.216.53" X-Client-Port="18501" >
  <step title="Cleanup Xml Logs" date="2026-02-23T21:50:58.156" >
    <step title="Cleanup Infos" date="2026-02-23T21:50:58.277" totalFiles="298" totalCleanup="138" /><!-- duration: 43ms -->
  </step><!-- duration: 201ms -->
  <step title="DeploymentService.GetResult" date="2026-02-23T21:50:58.428" >
    <step title="DeploymentService.GetLatestDeployment" date="2026-02-23T21:50:58.470" >
      <step title="DeploymentManager.GetResults" date="2026-02-23T21:50:58.501" /><!-- duration: 1527ms -->
    </step><!-- duration: 1564ms -->
  </step><!-- duration: 1610ms -->
  <step title="Outgoing response" date="2026-02-23T21:51:00.044" type="response" statusCode="202" statusText="Accepted" /><!-- duration: 4ms -->
</step><!-- duration: 1915ms -->
