<step title="Incoming Request" date="2026-02-24T06:56:05.586" instance="c8e42a" url="/api/deployments/latest?deployer=OneDeploy&amp;time=2026-02-24_06-55-22Z" method="GET" type="request" pid="833,1,29" Host="kholo-may-boutique.scm.azurewebsites.net" User-Agent="GITHUBACTIONS_DeployWebAppToAzure_18fab4e0fe05a7107e4bbad74201faccf5554886db050fe096de485e629b71eb" Authorization="Bea..." Content-Type="application/json; charset=utf-8" Cookie="ARRAffinity=c8e42a2e9282e266f7f8208800e3f3003a7d6e8149859585d969c3187d57e418;Path=/;HttpOnly;Secure;Domain=kholo-may-boutique.scm.azurewebsites.net; ARRAffinitySameSite=c8e42a2e9282e266f7f8208800e3f3003a7d6e8149859585d969c3187d57e418;Path=/;HttpOnly;SameSite=None;Secure;Domain=kholo-may-boutique.scm.azurewebsites.net" Content-Length="0" X-ARR-LOG-ID="b55eca56-04ef-4512-90f6-66c3563c1fab" CLIENT-IP="52.225.29.96:58309" X-SITE-DEPLOYMENT-ID="kholo-may-boutique" WAS-DEFAULT-HOSTNAME="kholo-may-boutique.scm.azurewebsites.net" X-Forwarded-Proto="https" X-AppService-Proto="https" X-Forwarded-TlsVersion="1.3" X-WAWS-Unencoded-URL="/api/deployments/latest?deployer=OneDeploy&amp;time=2026-02-24_06-55-22Z" X-Client-IP="52.225.29.96" X-Client-Port="58309" >
  <step title="Cleanup Xml Logs" date="2026-02-24T06:56:05.597" >
    <step title="Cleanup Infos" date="2026-02-24T06:56:05.606" totalFiles="360" totalCleanup="200" /><!-- duration: 7ms -->
  </step><!-- duration: 19ms -->
  <step title="DeploymentService.GetResult" date="2026-02-24T06:56:05.624" >
    <step title="DeploymentService.GetLatestDeployment" date="2026-02-24T06:56:05.628" >
      <step title="DeploymentManager.GetResults" date="2026-02-24T06:56:05.631" /><!-- duration: 537ms -->
    </step><!-- duration: 545ms -->
  </step><!-- duration: 552ms -->
  <step title="Outgoing response" date="2026-02-24T06:56:06.179" type="response" statusCode="202" statusText="Accepted" /><!-- duration: 3ms -->
</step><!-- duration: 599ms -->
