<step title="BackgroundTrace" date="2026-02-23T18:49:00.344" instance="c8e42a" url="/api/zipdeploy" method="POST" >
  <step title="Cleanup Xml Logs" date="2026-02-23T18:49:00.354" /><!-- duration: 7ms -->
  <step title="Creating temporary deployment - FetchDeploymentManager" date="2026-02-23T18:49:00.460" /><!-- duration: 4ms -->
  <step title="Creating temporary deployment" date="2026-02-23T18:49:00.467" /><!-- duration: 57ms -->
  <step title="Performing fetch based deployment" date="2026-02-23T18:49:00.574" >
    <step title="Cleaning up temp folders from previous zip deployments and extracting pushed zip file /tmp/zipdeploy/72b96ad7-ac90-411c-9251-2e8339f781b5.zip (10.48 MB) to /tmp/zipdeploy/extracted" date="2026-02-23T18:49:01.801" >
      <step title="ChmodRecursive Process exited with total time taken in ms: 99" date="2026-02-23T18:49:03.980" /><!-- duration: 8ms -->
    </step><!-- duration: 2193ms -->
    <step title="Deployment timer started" date="2026-02-23T18:49:06.052" >
      <step title="DeploymentManager.Deploy(id:b2c2aea5-2cb4-445e-9a7b-cfc5bee15fd7)" date="2026-02-23T18:49:06.083" >
        <step title="Collecting changeset information" date="2026-02-23T18:49:06.123" /><!-- duration: 107ms -->
        <step title="Updating submodules" date="2026-02-23T18:49:06.236" /><!-- duration: 1100ms -->
        <step title="Determining deployment builder" date="2026-02-23T18:49:07.573" >
          <step title="Builder is OryxBuilder" date="2026-02-23T18:49:07.591" /><!-- duration: 4ms -->
        </step><!-- duration: 30ms -->
        <step title="PreDeployment: context.CleanOutputPath False" date="2026-02-23T18:49:07.687" >
          <step title="PreDeployment: context.OutputPath /home/site/wwwroot" date="2026-02-23T18:49:07.823" >
            <step title="Building" date="2026-02-23T18:49:07.964" >
              <step title="Executing external process" date="2026-02-23T18:49:08.346" type="process" path="bash" arguments="-c &quot;oryx build /tmp/zipdeploy/extracted -o /home/site/wwwroot --platform nodejs --platform-version 20 -p virtualenv_name= --log-file /tmp/build-debug.log  -i /tmp/8de730c3995e408 -p compress_node_modules=tar-gz | tee /tmp/oryx-build.log ; exit $PIPESTATUS &quot;" >
                <step title="Cpu: node(2772,17.320s)+node(2748,4.980s)+sh(2747,0.000s)+npm run build(2736,0.790s)+build.sh(2471,0.050s)+oryx(2447,9.150s)+tee(2448,0.010s)+bash(2446,0.000s)=total(32.240s)" date="2026-02-23T18:53:35.665" /><!-- duration: 41ms -->
                <step title="bash: no io activity for 60s, prev-cpu=-1.000s, current-cpu=32.240s" date="2026-02-23T18:53:35.827" /><!-- duration: 69ms -->
                <step title="Cpu: node(2772,37.750s)+node(2748,4.980s)+sh(2747,0.000s)+npm run build(2736,0.790s)+build.sh(2471,0.050s)+oryx(2447,9.210s)+tee(2448,0.010s)+bash(2446,0.000s)=total(52.790s)" date="2026-02-23T18:54:36.916" /><!-- duration: 77ms -->
                <step title="bash: no io activity for 122s, prev-cpu=32.240s, current-cpu=52.790s" date="2026-02-23T18:54:37.047" /><!-- duration: 70ms -->
