<step title="Incoming Request" date="2026-02-23T18:31:59.990" instance="c8e42a" url="/api/zipdeploy?isAsync=true" method="POST" type="request" pid="833,1,40" Accept="*/*" Host="kholo-may-boutique.scm.azurewebsites.net" User-Agent="AZURECLI/2.83.0 (MSI)" Accept-Encoding="gzip, deflate" Authorization="Bea..." Cache-Control="no-cache" Content-Type="application/octet-stream" Content-Length="9858881" x-ms-client-request-id="c68d9dd2-10e5-11f1-b139-c0b5d71b77b6" x-ms-artifact-checksum="2eff00135132ab797fdcb5ffb7a7693ad3cfcecd2280dfd62f91219ccac1ad11" X-ARR-LOG-ID="c68d9dd2-10e5-11f1-b139-c0b5d71b77b6" CLIENT-IP="105.245.240.153:57261" X-SITE-DEPLOYMENT-ID="kholo-may-boutique" WAS-DEFAULT-HOSTNAME="kholo-may-boutique.scm.azurewebsites.net" X-Forwarded-Proto="https" X-AppService-Proto="https" X-Forwarded-TlsVersion="1.3" X-WAWS-Unencoded-URL="/api/zipdeploy?isAsync=true" X-Client-IP="105.245.240.153" X-Client-Port="57261" >
  <step title="Cleanup Xml Logs" date="2026-02-23T18:32:00.019" /><!-- duration: 41ms -->
  <step title="ZipPushDeploy" date="2026-02-23T18:32:00.119" >
    <step title="ZipDeploy. Extract zip." date="2026-02-23T18:32:00.129" /><!-- duration: 4ms -->
    <step title="Starting PushDeployAsync" date="2026-02-23T18:32:00.138" /><!-- duration: 4ms -->
    <step title="Writing artifact to /tmp/zipdeploy/93358a3e-b6dd-4da7-b0e3-2aabd4afd8e4.zip" date="2026-02-23T18:32:00.157" >
      <step title="Writing multipart request body to /tmp/zipdeploy/93358a3e-b6dd-4da7-b0e3-2aabd4afd8e4.zip" date="2026-02-23T18:32:00.161" /><!-- duration: 12ms -->
    </step><!-- duration: 8619ms -->
    <step title="Start deployment in the background" date="2026-02-23T18:32:08.819" >
      <step title="Acquiring Deployment Lock" date="2026-02-23T18:32:08.864" /><!-- duration: 4ms -->
      <step title="Acquired Deployment Lock" date="2026-02-23T18:32:08.924" /><!-- duration: 11ms -->
    </step><!-- duration: 320ms -->
  </step><!-- duration: 9027ms -->
  <step title="Outgoing response" date="2026-02-23T18:32:09.153" type="response" statusCode="202" statusText="Accepted" /><!-- duration: 4ms -->
</step><!-- duration: 9172ms -->
