<step title="Incoming Request" date="2026-02-23T02:02:56.215" instance="d48e77" url="/api/zipdeploy?isAsync=true" method="POST" type="request" pid="831,1,5" Accept="*/*" Host="kholo-may-boutique.scm.azurewebsites.net" User-Agent="AZURECLI/2.83.0 (MSI)" Accept-Encoding="gzip, deflate" Authorization="Bea..." Cache-Control="no-cache" Content-Type="application/octet-stream" Content-Length="9567555" x-ms-client-request-id="9caf2bee-105b-11f1-b6b3-c0b5d71b77b6" x-ms-artifact-checksum="49b3df6e0ba2173bae1b25a275627e7f5bf2d1040ae2301140e3e4fe03f7e9cf" X-ARR-LOG-ID="9caf2bee-105b-11f1-b6b3-c0b5d71b77b6" CLIENT-IP="105.245.240.153:36368" X-SITE-DEPLOYMENT-ID="kholo-may-boutique" WAS-DEFAULT-HOSTNAME="kholo-may-boutique.scm.azurewebsites.net" X-Forwarded-Proto="https" X-AppService-Proto="https" X-Forwarded-TlsVersion="1.3" X-WAWS-Unencoded-URL="/api/zipdeploy?isAsync=true" X-Client-IP="105.245.240.153" X-Client-Port="36368" >
  <step title="ZipPushDeploy" date="2026-02-23T02:02:56.446" >
    <step title="ZipDeploy. Extract zip." date="2026-02-23T02:02:56.458" /><!-- duration: 5ms -->
    <step title="None repository commit" date="2026-02-23T02:02:56.471" >
      <step title="Commit id: 0422fdc3-77c7-45eb-bb4a-c0fe998f318e" date="2026-02-23T02:02:56.475" Message="N/A" AuthorName="N/A" AuthorEmail="N/A" /><!-- duration: 4ms -->
    </step><!-- duration: 13ms -->
    <step title="Starting PushDeployAsync" date="2026-02-23T02:02:56.487" /><!-- duration: 5ms -->
    <step title="Writing artifact to /tmp/zipdeploy/e794fa97-b1d3-4885-983c-63c99d2d9ccd.zip" date="2026-02-23T02:02:56.507" >
      <step title="Writing multipart request body to /tmp/zipdeploy/e794fa97-b1d3-4885-983c-63c99d2d9ccd.zip" date="2026-02-23T02:02:56.512" /><!-- duration: 4ms -->
    </step><!-- duration: 73ms -->
    <step title="Start deployment in the background" date="2026-02-23T02:02:56.595" >
      <step title="Acquiring Deployment Lock" date="2026-02-23T02:02:56.605" /><!-- duration: 4ms -->
      <step title="Acquired Deployment Lock" date="2026-02-23T02:02:56.665" /><!-- duration: 3ms -->
    </step><!-- duration: 130ms -->
  </step><!-- duration: 288ms -->
  <step title="Outgoing response" date="2026-02-23T02:02:56.743" type="response" statusCode="202" statusText="Accepted" /><!-- duration: 5ms -->
</step><!-- duration: 536ms -->
