﻿<?xml version="1.0" encoding="utf-8"?>
<deployment>
  <id>0422fdc3-77c7-45eb-bb4a-c0fe998f318e</id>
  <author>N/A</author>
  <deployer>Push-Deployer</deployer>
  <authorEmail>N/A</authorEmail>
  <message>Created via a push deployment</message>
  <progress></progress>
  <status>Success</status>
  <statusText></statusText>
  <lastSuccessEndTime>2026-02-23T02:03:12.8940497Z</lastSuccessEndTime>
  <receivedTime>2026-02-23T02:03:01.7278174Z</receivedTime>
  <startTime>2026-02-23T02:03:03.0501298Z</startTime>
  <endTime>2026-02-23T02:03:12.8940497Z</endTime>
  <complete>True</complete>
  <is_temp>False</is_temp>
  <is_readonly>True</is_readonly>
  <containerId>552207780f73</containerId>
  <buildSummary />
</deployment>