<step title="BackgroundTrace" date="2026-02-23T17:22:44.211" instance="c8e42a" url="/api/zipdeploy" method="POST" >
  <step title="Cleanup Xml Logs" date="2026-02-23T17:22:44.231" /><!-- duration: 20ms -->
  <step title="Creating temporary deployment - FetchDeploymentManager" date="2026-02-23T17:22:44.396" /><!-- duration: 3ms -->
  <step title="Creating temporary deployment" date="2026-02-23T17:22:44.403" /><!-- duration: 79ms -->
  <step title="Performing fetch based deployment" date="2026-02-23T17:22:44.536" >
    <step title="Cleaning up temp folders from previous zip deployments and extracting pushed zip file /tmp/zipdeploy/38371ba6-256d-42ac-886e-7ff74c4ee03c.zip (9.14 MB) to /tmp/zipdeploy/extracted" date="2026-02-23T17:22:45.695" >
      <step title="ChmodRecursive Process exited with total time taken in ms: 68" date="2026-02-23T17:22:47.189" /><!-- duration: 4ms -->
    </step><!-- duration: 1503ms -->
    <step title="Deployment timer started" date="2026-02-23T17:22:49.215" >
      <step title="DeploymentManager.Deploy(id:381306f1-5455-4a2a-a591-05e2a57f941b)" date="2026-02-23T17:22:49.225" >
        <step title="Collecting changeset information" date="2026-02-23T17:22:49.274" /><!-- duration: 124ms -->
        <step title="Updating submodules" date="2026-02-23T17:22:49.405" /><!-- duration: 1156ms -->
        <step title="Determining deployment builder" date="2026-02-23T17:22:50.831" >
          <step title="Builder is OryxBuilder" date="2026-02-23T17:22:50.856" /><!-- duration: 4ms -->
        </step><!-- duration: 33ms -->
        <step title="PreDeployment: context.CleanOutputPath False" date="2026-02-23T17:22:50.931" >
          <step title="PreDeployment: context.OutputPath /home/site/wwwroot" date="2026-02-23T17:22:51.063" >
            <step title="Building" date="2026-02-23T17:22:51.237" >
              <step title="Executing external process" date="2026-02-23T17:22:51.616" type="process" path="bash" arguments="-c &quot;oryx build /tmp/zipdeploy/extracted -o /home/site/wwwroot --platform nodejs --platform-version 20 -p virtualenv_name= --log-file /tmp/build-debug.log  -i /tmp/8de73002c023b4b -p compress_node_modules=tar-gz | tee /tmp/oryx-build.log ; exit $PIPESTATUS &quot;" >
                <step title="Cpu: npm install(1420,42.520s)+build.sh(1325,0.050s)+oryx(1298,8.660s)+tee(1299,0.000s)+bash(1297,0.000s)=total(51.210s)" date="2026-02-23T17:24:35.911" /><!-- duration: 50ms -->
                <step title="bash: no io activity for 61s, prev-cpu=-1.000s, current-cpu=51.210s" date="2026-02-23T17:24:36.059" /><!-- duration: 22ms -->
                <step title="Cpu: node(1611,35.240s)+node(1593,3.780s)+sh(1592,0.000s)+npm run build(1581,0.760s)+build.sh(1325,0.050s)+oryx(1298,9.220s)+tee(1299,0.010s)+bash(1297,0.000s)=total(49.060s)" date="2026-02-23T17:26:43.194" /><!-- duration: 30ms -->
                <step title="bash: no io activity for 60s, prev-cpu=-1.000s, current-cpu=49.060s" date="2026-02-23T17:26:43.266" /><!-- duration: 38ms -->
                <step title="Process dump" date="2026-02-23T17:26:46.416" exitCode="1" type="processOutput" /><!-- duration: 12ms -->
              </step><!-- duration: 234818ms -->
              <step title="Error occurred" date="2026-02-23T17:26:46.518" type="error" text="npm warn deprecated next@14.2.3: This version has a security vulnerability. Please upgrade to a patched version. See https://nextjs.org/blog/security-update-2025-12-11 for more details.
npm notice
npm notice New major version of npm available! 10.8.2 -&gt; 11.10.1
npm notice Changelog: https://github.com/npm/cli/releases/tag/v11.10.1
npm notice To update run: npm install -g npm@11.10.1
npm notice
Failed to compile.

src/app/layout.tsx
An error occurred in `next/font`.

Error: Cannot find module &apos;tailwindcss&apos;
Require stack:
- /tmp/8de73002c023b4b/node_modules/next/dist/build/webpack/config/blocks/css/plugins.js
- /tmp/8de73002c023b4b/node_modules/next/dist/build/webpack/config/blocks/css/index.js
- /tmp/8de73002c023b4b/node_modules/next/dist/build/webpack/config/index.js
- /tmp/8de73002c023b4b/node_modules/next/dist/build/webpack-config.js
- /tmp/8de73002c023b4b/node_modules/next/dist/build/webpack-build/impl.js
- /tmp/8de73002c023b4b/node_modules/next/dist/compiled/jest-worker/processChild.js
    at Module._resolveFilename (node:internal/modules/cjs/loader:1207:15)
    at /tmp/8de73002c023b4b/node_modules/next/dist/server/require-hook.js:55:36
    at Function.resolve (node:internal/modules/helpers:193:19)
    at loadPlugin (/tmp/8de73002c023b4b/node_modules/next/dist/build/webpack/config/blocks/css/plugins.js:49:32)
    at /tmp/8de73002c023b4b/node_modules/next/dist/build/webpack/config/blocks/css/plugins.js:157:56
    at Array.map (&lt;anonymous&gt;)
    at getPostCssPlugins (/tmp/8de73002c023b4b/node_modules/next/dist/build/webpack/config/blocks/css/plugins.js:157:47)
    at async /tmp/8de73002c023b4b/node_modules/next/dist/build/webpack/config/blocks/css/index.js:124:36

src/app/layout.tsx
An error occurred in `next/font`.

Error: Cannot find module &apos;tailwindcss&apos;
Require stack:
- /tmp/8de73002c023b4b/node_modules/next/dist/build/webpack/config/blocks/css/plugins.js
- /tmp/8de73002c023b4b/node_modules/next/dist/build/webpack/config/blocks/css/index.js
- /tmp/8de73002c023b4b/node_modules/next/dist/build/webpack/config/index.js
- /tmp/8de73002c023b4b/node_modules/next/dist/build/webpack-config.js
- /tmp/8de73002c023b4b/node_modules/next/dist/build/webpack-build/impl.js
- /tmp/8de73002c023b4b/node_modules/next/dist/compiled/jest-worker/processChild.js
    at Module._resolveFilename (node:internal/modules/cjs/loader:1207:15)
    at /tmp/8de73002c023b4b/node_modules/next/dist/server/require-hook.js:55:36
    at Function.resolve (node:internal/modules/helpers:193:19)
    at loadPlugin (/tmp/8de73002c023b4b/node_modules/next/dist/build/webpack/config/blocks/css/plugins.js:49:32)
    at /tmp/8de73002c023b4b/node_modules/next/dist/build/webpack/config/blocks/css/plugins.js:157:56
    at Array.map (&lt;anonymous&gt;)
    at getPostCssPlugins (/tmp/8de73002c023b4b/node_modules/next/dist/build/webpack/config/blocks/css/plugins.js:157:47)
    at async /tmp/8de73002c023b4b/node_modules/next/dist/build/webpack/config/blocks/css/index.js:124:36

src/app/layout.tsx
An error occurred in `next/font`.

Error: Cannot find module &apos;tailwindcss&apos;
Require stack:
- /tmp/8de73002c023b4b/node_modules/next/dist/build/webpack/config/blocks/css/plugins.js
- /tmp/8de73002c023b4b/node_modules/next/dist/build/webpack/config/blocks/css/index.js
- /tmp/8de73002c023b4b/node_modules/next/dist/build/webpack/config/index.js
- /tmp/8de73002c023b4b/node_modules/next/dist/build/webpack-config.js
- /tmp/8de73002c023b4b/node_modules/next/dist/build/webpack-build/impl.js
- /tmp/8de73002c023b4b/node_modules/next/dist/compiled/jest-worker/processChild.js
    at Module._resolveFilename (node:internal/modules/cjs/loader:1207:15)
    at /tmp/8de73002c023b4b/node_modules/next/dist/server/require-hook.js:55:36
    at Function.resolve (node:internal/modules/helpers:193:19)
    at loadPlugin (/tmp/8de73002c023b4b/node_modules/next/dist/build/webpack/config/blocks/css/plugins.js:49:32)
    at /tmp/8de73002c023b4b/node_modules/next/dist/build/webpack/config/blocks/css/plugins.js:157:56
    at Array.map (&lt;anonymous&gt;)
    at getPostCssPlugins (/tmp/8de73002c023b4b/node_modules/next/dist/build/webpack/config/blocks/css/plugins.js:157:47)
    at async /tmp/8de73002c023b4b/node_modules/next/dist/build/webpack/config/blocks/css/index.js:124:36

./src/app/account/page.tsx
Module not found: Can&apos;t resolve &apos;@/context/AuthContext&apos;

https://nextjs.org/docs/messages/module-not-found

./src/app/account/page.tsx
Module not found: Can&apos;t resolve &apos;@/lib/utils&apos;

https://nextjs.org/docs/messages/module-not-found


&gt; Build failed because of webpack errors
/bin/bash -c &quot;oryx build /tmp/zipdeploy/extracted -o /home/site/wwwroot --platform nodejs --platform-version 20 -p virtualenv_name= --log-file /tmp/build-debug.log  -i /tmp/8de73002c023b4b -p compress_node_modules=tar-gz | tee /tmp/oryx-build.log ; exit $PIPESTATUS &quot;" stackTrace="   at Kudu.Core.Infrastructure.Executable.ExecuteInternal(ITracer tracer, Func`2 onWriteOutput, Func`2 onWriteError, CancellationToken token, Encoding encoding, String arguments, Object[] args) in /tmp/KuduLite/Kudu.Core/Infrastructure/Executable.cs:line 239
   at Kudu.Core.Infrastructure.Executable.ExecuteWithProgressWriter(ILogger logger, ITracer tracer, CancellationToken token, String arguments, Object[] args) in /tmp/KuduLite/Kudu.Core/Infrastructure/Executable.cs:line 118
   at Kudu.Core.Deployment.Generator.ExternalCommandBuilder.RunCommand(DeploymentContext context, String command, Boolean ignoreManifest, CancellationToken token, String message) in /tmp/KuduLite/Kudu.Core/Deployment/Generator/ExternalCommandBuilder.cs:line 135" /><!-- duration: 18ms -->
              <step title="Error occurred" date="2026-02-23T17:26:46.618" type="error" text="npm warn deprecated next@14.2.3: This version has a security vulnerability. Please upgrade to a patched version. See https://nextjs.org/blog/security-update-2025-12-11 for more details.
npm notice
npm notice New major version of npm available! 10.8.2 -&gt; 11.10.1
npm notice Changelog: https://github.com/npm/cli/releases/tag/v11.10.1
npm notice To update run: npm install -g npm@11.10.1
npm notice
Failed to compile.

src/app/layout.tsx
An error occurred in `next/font`.

Error: Cannot find module &apos;tailwindcss&apos;
Require stack:
- /tmp/8de73002c023b4b/node_modules/next/dist/build/webpack/config/blocks/css/plugins.js
- /tmp/8de73002c023b4b/node_modules/next/dist/build/webpack/config/blocks/css/index.js
- /tmp/8de73002c023b4b/node_modules/next/dist/build/webpack/config/index.js
- /tmp/8de73002c023b4b/node_modules/next/dist/build/webpack-config.js
- /tmp/8de73002c023b4b/node_modules/next/dist/build/webpack-build/impl.js
- /tmp/8de73002c023b4b/node_modules/next/dist/compiled/jest-worker/processChild.js
    at Module._resolveFilename (node:internal/modules/cjs/loader:1207:15)
    at /tmp/8de73002c023b4b/node_modules/next/dist/server/require-hook.js:55:36
    at Function.resolve (node:internal/modules/helpers:193:19)
    at loadPlugin (/tmp/8de73002c023b4b/node_modules/next/dist/build/webpack/config/blocks/css/plugins.js:49:32)
    at /tmp/8de73002c023b4b/node_modules/next/dist/build/webpack/config/blocks/css/plugins.js:157:56
    at Array.map (&lt;anonymous&gt;)
    at getPostCssPlugins (/tmp/8de73002c023b4b/node_modules/next/dist/build/webpack/config/blocks/css/plugins.js:157:47)
    at async /tmp/8de73002c023b4b/node_modules/next/dist/build/webpack/config/blocks/css/index.js:124:36

src/app/layout.tsx
An error occurred in `next/font`.

Error: Cannot find module &apos;tailwindcss&apos;
Require stack:
- /tmp/8de73002c023b4b/node_modules/next/dist/build/webpack/config/blocks/css/plugins.js
- /tmp/8de73002c023b4b/node_modules/next/dist/build/webpack/config/blocks/css/index.js
- /tmp/8de73002c023b4b/node_modules/next/dist/build/webpack/config/index.js
- /tmp/8de73002c023b4b/node_modules/next/dist/build/webpack-config.js
- /tmp/8de73002c023b4b/node_modules/next/dist/build/webpack-build/impl.js
- /tmp/8de73002c023b4b/node_modules/next/dist/compiled/jest-worker/processChild.js
    at Module._resolveFilename (node:internal/modules/cjs/loader:1207:15)
    at /tmp/8de73002c023b4b/node_modules/next/dist/server/require-hook.js:55:36
    at Function.resolve (node:internal/modules/helpers:193:19)
    at loadPlugin (/tmp/8de73002c023b4b/node_modules/next/dist/build/webpack/config/blocks/css/plugins.js:49:32)
    at /tmp/8de73002c023b4b/node_modules/next/dist/build/webpack/config/blocks/css/plugins.js:157:56
    at Array.map (&lt;anonymous&gt;)
    at getPostCssPlugins (/tmp/8de73002c023b4b/node_modules/next/dist/build/webpack/config/blocks/css/plugins.js:157:47)
    at async /tmp/8de73002c023b4b/node_modules/next/dist/build/webpack/config/blocks/css/index.js:124:36

src/app/layout.tsx
An error occurred in `next/font`.

Error: Cannot find module &apos;tailwindcss&apos;
Require stack:
- /tmp/8de73002c023b4b/node_modules/next/dist/build/webpack/config/blocks/css/plugins.js
- /tmp/8de73002c023b4b/node_modules/next/dist/build/webpack/config/blocks/css/index.js
- /tmp/8de73002c023b4b/node_modules/next/dist/build/webpack/config/index.js
- /tmp/8de73002c023b4b/node_modules/next/dist/build/webpack-config.js
- /tmp/8de73002c023b4b/node_modules/next/dist/build/webpack-build/impl.js
- /tmp/8de73002c023b4b/node_modules/next/dist/compiled/jest-worker/processChild.js
    at Module._resolveFilename (node:internal/modules/cjs/loader:1207:15)
    at /tmp/8de73002c023b4b/node_modules/next/dist/server/require-hook.js:55:36
    at Function.resolve (node:internal/modules/helpers:193:19)
    at loadPlugin (/tmp/8de73002c023b4b/node_modules/next/dist/build/webpack/config/blocks/css/plugins.js:49:32)
    at /tmp/8de73002c023b4b/node_modules/next/dist/build/webpack/config/blocks/css/plugins.js:157:56
    at Array.map (&lt;anonymous&gt;)
    at getPostCssPlugins (/tmp/8de73002c023b4b/node_modules/next/dist/build/webpack/config/blocks/css/plugins.js:157:47)
    at async /tmp/8de73002c023b4b/node_modules/next/dist/build/webpack/config/blocks/css/index.js:124:36

./src/app/account/page.tsx
Module not found: Can&apos;t resolve &apos;@/context/AuthContext&apos;

https://nextjs.org/docs/messages/module-not-found

./src/app/account/page.tsx
Module not found: Can&apos;t resolve &apos;@/lib/utils&apos;

https://nextjs.org/docs/messages/module-not-found


&gt; Build failed because of webpack errors
/bin/bash -c &quot;oryx build /tmp/zipdeploy/extracted -o /home/site/wwwroot --platform nodejs --platform-version 20 -p virtualenv_name= --log-file /tmp/build-debug.log  -i /tmp/8de73002c023b4b -p compress_node_modules=tar-gz | tee /tmp/oryx-build.log ; exit $PIPESTATUS &quot;" stackTrace="   at Kudu.Core.Infrastructure.Executable.ExecuteInternal(ITracer tracer, Func`2 onWriteOutput, Func`2 onWriteError, CancellationToken token, Encoding encoding, String arguments, Object[] args) in /tmp/KuduLite/Kudu.Core/Infrastructure/Executable.cs:line 239
   at Kudu.Core.Infrastructure.Executable.ExecuteWithProgressWriter(ILogger logger, ITracer tracer, CancellationToken token, String arguments, Object[] args) in /tmp/KuduLite/Kudu.Core/Infrastructure/Executable.cs:line 118
   at Kudu.Core.Deployment.Generator.ExternalCommandBuilder.RunCommand(DeploymentContext context, String command, Boolean ignoreManifest, CancellationToken token, String message) in /tmp/KuduLite/Kudu.Core/Deployment/Generator/ExternalCommandBuilder.cs:line 135
   at Kudu.Core.Deployment.Generator.OryxBuilder.RunBuildCommand(IOryxArguments args, DeploymentContext context, CancellationToken token) in /tmp/KuduLite/Kudu.Core/Deployment/Generator/OryxBuilder.cs:line 295
   at Kudu.Core.Deployment.Generator.OryxBuilder.Build(DeploymentContext context, CancellationToken token) in /tmp/KuduLite/Kudu.Core/Deployment/Generator/OryxBuilder.cs:line 136
   at Kudu.Core.Deployment.DeploymentManager.Build(ChangeSet changeSet, ITracer tracer, IDisposable deployStep, IRepository repository, DeploymentInfoBase deploymentInfo, DeploymentAnalytics deploymentAnalytics, Boolean fullBuildByDefault, CancellationToken cancellationToken) in /tmp/KuduLite/Kudu.Core/Deployment/DeploymentManager.cs:line 771" /><!-- duration: 10ms -->
              <step title="Using GenericDeploymentLogParser" date="2026-02-23T17:26:47.363" /><!-- duration: 63ms -->
            </step><!-- duration: 237953ms -->
          </step><!-- duration: 238141ms -->
          <step title="Error occurred" date="2026-02-23T17:26:49.208" type="error" text="npm warn deprecated next@14.2.3: This version has a security vulnerability. Please upgrade to a patched version. See https://nextjs.org/blog/security-update-2025-12-11 for more details.
npm notice
npm notice New major version of npm available! 10.8.2 -&gt; 11.10.1
npm notice Changelog: https://github.com/npm/cli/releases/tag/v11.10.1
npm notice To update run: npm install -g npm@11.10.1
npm notice
Failed to compile.

src/app/layout.tsx
An error occurred in `next/font`.

Error: Cannot find module &apos;tailwindcss&apos;
Require stack:
- /tmp/8de73002c023b4b/node_modules/next/dist/build/webpack/config/blocks/css/plugins.js
- /tmp/8de73002c023b4b/node_modules/next/dist/build/webpack/config/blocks/css/index.js
- /tmp/8de73002c023b4b/node_modules/next/dist/build/webpack/config/index.js
- /tmp/8de73002c023b4b/node_modules/next/dist/build/webpack-config.js
- /tmp/8de73002c023b4b/node_modules/next/dist/build/webpack-build/impl.js
- /tmp/8de73002c023b4b/node_modules/next/dist/compiled/jest-worker/processChild.js
    at Module._resolveFilename (node:internal/modules/cjs/loader:1207:15)
    at /tmp/8de73002c023b4b/node_modules/next/dist/server/require-hook.js:55:36
    at Function.resolve (node:internal/modules/helpers:193:19)
    at loadPlugin (/tmp/8de73002c023b4b/node_modules/next/dist/build/webpack/config/blocks/css/plugins.js:49:32)
    at /tmp/8de73002c023b4b/node_modules/next/dist/build/webpack/config/blocks/css/plugins.js:157:56
    at Array.map (&lt;anonymous&gt;)
    at getPostCssPlugins (/tmp/8de73002c023b4b/node_modules/next/dist/build/webpack/config/blocks/css/plugins.js:157:47)
    at async /tmp/8de73002c023b4b/node_modules/next/dist/build/webpack/config/blocks/css/index.js:124:36

src/app/layout.tsx
An error occurred in `next/font`.

Error: Cannot find module &apos;tailwindcss&apos;
Require stack:
- /tmp/8de73002c023b4b/node_modules/next/dist/build/webpack/config/blocks/css/plugins.js
- /tmp/8de73002c023b4b/node_modules/next/dist/build/webpack/config/blocks/css/index.js
- /tmp/8de73002c023b4b/node_modules/next/dist/build/webpack/config/index.js
- /tmp/8de73002c023b4b/node_modules/next/dist/build/webpack-config.js
- /tmp/8de73002c023b4b/node_modules/next/dist/build/webpack-build/impl.js
- /tmp/8de73002c023b4b/node_modules/next/dist/compiled/jest-worker/processChild.js
    at Module._resolveFilename (node:internal/modules/cjs/loader:1207:15)
    at /tmp/8de73002c023b4b/node_modules/next/dist/server/require-hook.js:55:36
    at Function.resolve (node:internal/modules/helpers:193:19)
    at loadPlugin (/tmp/8de73002c023b4b/node_modules/next/dist/build/webpack/config/blocks/css/plugins.js:49:32)
    at /tmp/8de73002c023b4b/node_modules/next/dist/build/webpack/config/blocks/css/plugins.js:157:56
    at Array.map (&lt;anonymous&gt;)
    at getPostCssPlugins (/tmp/8de73002c023b4b/node_modules/next/dist/build/webpack/config/blocks/css/plugins.js:157:47)
    at async /tmp/8de73002c023b4b/node_modules/next/dist/build/webpack/config/blocks/css/index.js:124:36

src/app/layout.tsx
An error occurred in `next/font`.

Error: Cannot find module &apos;tailwindcss&apos;
Require stack:
- /tmp/8de73002c023b4b/node_modules/next/dist/build/webpack/config/blocks/css/plugins.js
- /tmp/8de73002c023b4b/node_modules/next/dist/build/webpack/config/blocks/css/index.js
- /tmp/8de73002c023b4b/node_modules/next/dist/build/webpack/config/index.js
- /tmp/8de73002c023b4b/node_modules/next/dist/build/webpack-config.js
- /tmp/8de73002c023b4b/node_modules/next/dist/build/webpack-build/impl.js
- /tmp/8de73002c023b4b/node_modules/next/dist/compiled/jest-worker/processChild.js
    at Module._resolveFilename (node:internal/modules/cjs/loader:1207:15)
    at /tmp/8de73002c023b4b/node_modules/next/dist/server/require-hook.js:55:36
    at Function.resolve (node:internal/modules/helpers:193:19)
    at loadPlugin (/tmp/8de73002c023b4b/node_modules/next/dist/build/webpack/config/blocks/css/plugins.js:49:32)
    at /tmp/8de73002c023b4b/node_modules/next/dist/build/webpack/config/blocks/css/plugins.js:157:56
    at Array.map (&lt;anonymous&gt;)
    at getPostCssPlugins (/tmp/8de73002c023b4b/node_modules/next/dist/build/webpack/config/blocks/css/plugins.js:157:47)
    at async /tmp/8de73002c023b4b/node_modules/next/dist/build/webpack/config/blocks/css/index.js:124:36

./src/app/account/page.tsx
Module not found: Can&apos;t resolve &apos;@/context/AuthContext&apos;

https://nextjs.org/docs/messages/module-not-found

./src/app/account/page.tsx
Module not found: Can&apos;t resolve &apos;@/lib/utils&apos;

https://nextjs.org/docs/messages/module-not-found


&gt; Build failed because of webpack errors
/bin/bash -c &quot;oryx build /tmp/zipdeploy/extracted -o /home/site/wwwroot --platform nodejs --platform-version 20 -p virtualenv_name= --log-file /tmp/build-debug.log  -i /tmp/8de73002c023b4b -p compress_node_modules=tar-gz | tee /tmp/oryx-build.log ; exit $PIPESTATUS &quot;" stackTrace="   at Kudu.Core.Infrastructure.Executable.ExecuteInternal(ITracer tracer, Func`2 onWriteOutput, Func`2 onWriteError, CancellationToken token, Encoding encoding, String arguments, Object[] args) in /tmp/KuduLite/Kudu.Core/Infrastructure/Executable.cs:line 239
   at Kudu.Core.Infrastructure.Executable.ExecuteWithProgressWriter(ILogger logger, ITracer tracer, CancellationToken token, String arguments, Object[] args) in /tmp/KuduLite/Kudu.Core/Infrastructure/Executable.cs:line 118
   at Kudu.Core.Deployment.Generator.ExternalCommandBuilder.RunCommand(DeploymentContext context, String command, Boolean ignoreManifest, CancellationToken token, String message) in /tmp/KuduLite/Kudu.Core/Deployment/Generator/ExternalCommandBuilder.cs:line 135
   at Kudu.Core.Deployment.Generator.OryxBuilder.RunBuildCommand(IOryxArguments args, DeploymentContext context, CancellationToken token) in /tmp/KuduLite/Kudu.Core/Deployment/Generator/OryxBuilder.cs:line 295
   at Kudu.Core.Deployment.Generator.OryxBuilder.Build(DeploymentContext context, CancellationToken token) in /tmp/KuduLite/Kudu.Core/Deployment/Generator/OryxBuilder.cs:line 136
   at Kudu.Core.Deployment.DeploymentManager.Build(ChangeSet changeSet, ITracer tracer, IDisposable deployStep, IRepository repository, DeploymentInfoBase deploymentInfo, DeploymentAnalytics deploymentAnalytics, Boolean fullBuildByDefault, CancellationToken cancellationToken) in /tmp/KuduLite/Kudu.Core/Deployment/DeploymentManager.cs:line 771
   at Kudu.Core.Deployment.DeploymentManager.Build(ChangeSet changeSet, ITracer tracer, IDisposable deployStep, IRepository repository, DeploymentInfoBase deploymentInfo, DeploymentAnalytics deploymentAnalytics, Boolean fullBuildByDefault, CancellationToken cancellationToken) in /tmp/KuduLite/Kudu.Core/Deployment/DeploymentManager.cs:line 840" /><!-- duration: 6ms -->
          <step title="Cleaning up temp files" date="2026-02-23T17:26:49.295" /><!-- duration: 2278ms -->
          <step title="Cleaning up temp files" date="2026-02-23T17:26:51.585" /><!-- duration: 550ms -->
          <step title="Error occurred" date="2026-02-23T17:26:52.187" type="error" text="npm warn deprecated next@14.2.3: This version has a security vulnerability. Please upgrade to a patched version. See https://nextjs.org/blog/security-update-2025-12-11 for more details.
npm notice
npm notice New major version of npm available! 10.8.2 -&gt; 11.10.1
npm notice Changelog: https://github.com/npm/cli/releases/tag/v11.10.1
npm notice To update run: npm install -g npm@11.10.1
npm notice
Failed to compile.

src/app/layout.tsx
An error occurred in `next/font`.

Error: Cannot find module &apos;tailwindcss&apos;
Require stack:
- /tmp/8de73002c023b4b/node_modules/next/dist/build/webpack/config/blocks/css/plugins.js
- /tmp/8de73002c023b4b/node_modules/next/dist/build/webpack/config/blocks/css/index.js
- /tmp/8de73002c023b4b/node_modules/next/dist/build/webpack/config/index.js
- /tmp/8de73002c023b4b/node_modules/next/dist/build/webpack-config.js
- /tmp/8de73002c023b4b/node_modules/next/dist/build/webpack-build/impl.js
- /tmp/8de73002c023b4b/node_modules/next/dist/compiled/jest-worker/processChild.js
    at Module._resolveFilename (node:internal/modules/cjs/loader:1207:15)
    at /tmp/8de73002c023b4b/node_modules/next/dist/server/require-hook.js:55:36
    at Function.resolve (node:internal/modules/helpers:193:19)
    at loadPlugin (/tmp/8de73002c023b4b/node_modules/next/dist/build/webpack/config/blocks/css/plugins.js:49:32)
    at /tmp/8de73002c023b4b/node_modules/next/dist/build/webpack/config/blocks/css/plugins.js:157:56
    at Array.map (&lt;anonymous&gt;)
    at getPostCssPlugins (/tmp/8de73002c023b4b/node_modules/next/dist/build/webpack/config/blocks/css/plugins.js:157:47)
    at async /tmp/8de73002c023b4b/node_modules/next/dist/build/webpack/config/blocks/css/index.js:124:36

src/app/layout.tsx
An error occurred in `next/font`.

Error: Cannot find module &apos;tailwindcss&apos;
Require stack:
- /tmp/8de73002c023b4b/node_modules/next/dist/build/webpack/config/blocks/css/plugins.js
- /tmp/8de73002c023b4b/node_modules/next/dist/build/webpack/config/blocks/css/index.js
- /tmp/8de73002c023b4b/node_modules/next/dist/build/webpack/config/index.js
- /tmp/8de73002c023b4b/node_modules/next/dist/build/webpack-config.js
- /tmp/8de73002c023b4b/node_modules/next/dist/build/webpack-build/impl.js
- /tmp/8de73002c023b4b/node_modules/next/dist/compiled/jest-worker/processChild.js
    at Module._resolveFilename (node:internal/modules/cjs/loader:1207:15)
    at /tmp/8de73002c023b4b/node_modules/next/dist/server/require-hook.js:55:36
    at Function.resolve (node:internal/modules/helpers:193:19)
    at loadPlugin (/tmp/8de73002c023b4b/node_modules/next/dist/build/webpack/config/blocks/css/plugins.js:49:32)
    at /tmp/8de73002c023b4b/node_modules/next/dist/build/webpack/config/blocks/css/plugins.js:157:56
    at Array.map (&lt;anonymous&gt;)
    at getPostCssPlugins (/tmp/8de73002c023b4b/node_modules/next/dist/build/webpack/config/blocks/css/plugins.js:157:47)
    at async /tmp/8de73002c023b4b/node_modules/next/dist/build/webpack/config/blocks/css/index.js:124:36

src/app/layout.tsx
An error occurred in `next/font`.

Error: Cannot find module &apos;tailwindcss&apos;
Require stack:
- /tmp/8de73002c023b4b/node_modules/next/dist/build/webpack/config/blocks/css/plugins.js
- /tmp/8de73002c023b4b/node_modules/next/dist/build/webpack/config/blocks/css/index.js
- /tmp/8de73002c023b4b/node_modules/next/dist/build/webpack/config/index.js
- /tmp/8de73002c023b4b/node_modules/next/dist/build/webpack-config.js
- /tmp/8de73002c023b4b/node_modules/next/dist/build/webpack-build/impl.js
- /tmp/8de73002c023b4b/node_modules/next/dist/compiled/jest-worker/processChild.js
    at Module._resolveFilename (node:internal/modules/cjs/loader:1207:15)
    at /tmp/8de73002c023b4b/node_modules/next/dist/server/require-hook.js:55:36
    at Function.resolve (node:internal/modules/helpers:193:19)
    at loadPlugin (/tmp/8de73002c023b4b/node_modules/next/dist/build/webpack/config/blocks/css/plugins.js:49:32)
    at /tmp/8de73002c023b4b/node_modules/next/dist/build/webpack/config/blocks/css/plugins.js:157:56
    at Array.map (&lt;anonymous&gt;)
    at getPostCssPlugins (/tmp/8de73002c023b4b/node_modules/next/dist/build/webpack/config/blocks/css/plugins.js:157:47)
    at async /tmp/8de73002c023b4b/node_modules/next/dist/build/webpack/config/blocks/css/index.js:124:36

./src/app/account/page.tsx
Module not found: Can&apos;t resolve &apos;@/context/AuthContext&apos;

https://nextjs.org/docs/messages/module-not-found

./src/app/account/page.tsx
Module not found: Can&apos;t resolve &apos;@/lib/utils&apos;

https://nextjs.org/docs/messages/module-not-found


&gt; Build failed because of webpack errors
/bin/bash -c &quot;oryx build /tmp/zipdeploy/extracted -o /home/site/wwwroot --platform nodejs --platform-version 20 -p virtualenv_name= --log-file /tmp/build-debug.log  -i /tmp/8de73002c023b4b -p compress_node_modules=tar-gz | tee /tmp/oryx-build.log ; exit $PIPESTATUS &quot;" stackTrace="   at Kudu.Core.Infrastructure.Executable.ExecuteInternal(ITracer tracer, Func`2 onWriteOutput, Func`2 onWriteError, CancellationToken token, Encoding encoding, String arguments, Object[] args) in /tmp/KuduLite/Kudu.Core/Infrastructure/Executable.cs:line 239
   at Kudu.Core.Infrastructure.Executable.ExecuteWithProgressWriter(ILogger logger, ITracer tracer, CancellationToken token, String arguments, Object[] args) in /tmp/KuduLite/Kudu.Core/Infrastructure/Executable.cs:line 118
   at Kudu.Core.Deployment.Generator.ExternalCommandBuilder.RunCommand(DeploymentContext context, String command, Boolean ignoreManifest, CancellationToken token, String message) in /tmp/KuduLite/Kudu.Core/Deployment/Generator/ExternalCommandBuilder.cs:line 135
   at Kudu.Core.Deployment.Generator.OryxBuilder.RunBuildCommand(IOryxArguments args, DeploymentContext context, CancellationToken token) in /tmp/KuduLite/Kudu.Core/Deployment/Generator/OryxBuilder.cs:line 295
   at Kudu.Core.Deployment.Generator.OryxBuilder.Build(DeploymentContext context, CancellationToken token) in /tmp/KuduLite/Kudu.Core/Deployment/Generator/OryxBuilder.cs:line 136
   at Kudu.Core.Deployment.DeploymentManager.Build(ChangeSet changeSet, ITracer tracer, IDisposable deployStep, IRepository repository, DeploymentInfoBase deploymentInfo, DeploymentAnalytics deploymentAnalytics, Boolean fullBuildByDefault, CancellationToken cancellationToken) in /tmp/KuduLite/Kudu.Core/Deployment/DeploymentManager.cs:line 771
   at Kudu.Core.Deployment.DeploymentManager.Build(ChangeSet changeSet, ITracer tracer, IDisposable deployStep, IRepository repository, DeploymentInfoBase deploymentInfo, DeploymentAnalytics deploymentAnalytics, Boolean fullBuildByDefault, CancellationToken cancellationToken) in /tmp/KuduLite/Kudu.Core/Deployment/DeploymentManager.cs:line 840
   at Kudu.Core.Deployment.DeploymentManager.DeployAsync(IRepository repository, ChangeSet changeSet, String deployer, Boolean clean, DeploymentInfoBase deploymentInfo, Boolean needFileUpdate, Boolean fullBuildByDefault) in /tmp/KuduLite/Kudu.Core/Deployment/DeploymentManager.cs:line 266" /><!-- duration: 5ms -->
        </step><!-- duration: 241265ms -->
        <step title="Reloading status file with latest updates" date="2026-02-23T17:26:52.244" >
          <step title="WebHooksManager.PublishEventAsync: PostDeployment" date="2026-02-23T17:26:52.260" /><!-- duration: 37ms -->
        </step><!-- duration: 57ms -->
        <step title="Error occurred" date="2026-02-23T17:26:52.304" type="error" text="npm warn deprecated next@14.2.3: This version has a security vulnerability. Please upgrade to a patched version. See https://nextjs.org/blog/security-update-2025-12-11 for more details.
npm notice
npm notice New major version of npm available! 10.8.2 -&gt; 11.10.1
npm notice Changelog: https://github.com/npm/cli/releases/tag/v11.10.1
npm notice To update run: npm install -g npm@11.10.1
npm notice
Failed to compile.

src/app/layout.tsx
An error occurred in `next/font`.

Error: Cannot find module &apos;tailwindcss&apos;
Require stack:
- /tmp/8de73002c023b4b/node_modules/next/dist/build/webpack/config/blocks/css/plugins.js
- /tmp/8de73002c023b4b/node_modules/next/dist/build/webpack/config/blocks/css/index.js
- /tmp/8de73002c023b4b/node_modules/next/dist/build/webpack/config/index.js
- /tmp/8de73002c023b4b/node_modules/next/dist/build/webpack-config.js
- /tmp/8de73002c023b4b/node_modules/next/dist/build/webpack-build/impl.js
- /tmp/8de73002c023b4b/node_modules/next/dist/compiled/jest-worker/processChild.js
    at Module._resolveFilename (node:internal/modules/cjs/loader:1207:15)
    at /tmp/8de73002c023b4b/node_modules/next/dist/server/require-hook.js:55:36
    at Function.resolve (node:internal/modules/helpers:193:19)
    at loadPlugin (/tmp/8de73002c023b4b/node_modules/next/dist/build/webpack/config/blocks/css/plugins.js:49:32)
    at /tmp/8de73002c023b4b/node_modules/next/dist/build/webpack/config/blocks/css/plugins.js:157:56
    at Array.map (&lt;anonymous&gt;)
    at getPostCssPlugins (/tmp/8de73002c023b4b/node_modules/next/dist/build/webpack/config/blocks/css/plugins.js:157:47)
    at async /tmp/8de73002c023b4b/node_modules/next/dist/build/webpack/config/blocks/css/index.js:124:36

src/app/layout.tsx
An error occurred in `next/font`.

Error: Cannot find module &apos;tailwindcss&apos;
Require stack:
- /tmp/8de73002c023b4b/node_modules/next/dist/build/webpack/config/blocks/css/plugins.js
- /tmp/8de73002c023b4b/node_modules/next/dist/build/webpack/config/blocks/css/index.js
- /tmp/8de73002c023b4b/node_modules/next/dist/build/webpack/config/index.js
- /tmp/8de73002c023b4b/node_modules/next/dist/build/webpack-config.js
- /tmp/8de73002c023b4b/node_modules/next/dist/build/webpack-build/impl.js
- /tmp/8de73002c023b4b/node_modules/next/dist/compiled/jest-worker/processChild.js
    at Module._resolveFilename (node:internal/modules/cjs/loader:1207:15)
    at /tmp/8de73002c023b4b/node_modules/next/dist/server/require-hook.js:55:36
    at Function.resolve (node:internal/modules/helpers:193:19)
    at loadPlugin (/tmp/8de73002c023b4b/node_modules/next/dist/build/webpack/config/blocks/css/plugins.js:49:32)
    at /tmp/8de73002c023b4b/node_modules/next/dist/build/webpack/config/blocks/css/plugins.js:157:56
    at Array.map (&lt;anonymous&gt;)
    at getPostCssPlugins (/tmp/8de73002c023b4b/node_modules/next/dist/build/webpack/config/blocks/css/plugins.js:157:47)
    at async /tmp/8de73002c023b4b/node_modules/next/dist/build/webpack/config/blocks/css/index.js:124:36

src/app/layout.tsx
An error occurred in `next/font`.

Error: Cannot find module &apos;tailwindcss&apos;
Require stack:
- /tmp/8de73002c023b4b/node_modules/next/dist/build/webpack/config/blocks/css/plugins.js
- /tmp/8de73002c023b4b/node_modules/next/dist/build/webpack/config/blocks/css/index.js
- /tmp/8de73002c023b4b/node_modules/next/dist/build/webpack/config/index.js
- /tmp/8de73002c023b4b/node_modules/next/dist/build/webpack-config.js
- /tmp/8de73002c023b4b/node_modules/next/dist/build/webpack-build/impl.js
- /tmp/8de73002c023b4b/node_modules/next/dist/compiled/jest-worker/processChild.js
    at Module._resolveFilename (node:internal/modules/cjs/loader:1207:15)
    at /tmp/8de73002c023b4b/node_modules/next/dist/server/require-hook.js:55:36
    at Function.resolve (node:internal/modules/helpers:193:19)
    at loadPlugin (/tmp/8de73002c023b4b/node_modules/next/dist/build/webpack/config/blocks/css/plugins.js:49:32)
    at /tmp/8de73002c023b4b/node_modules/next/dist/build/webpack/config/blocks/css/plugins.js:157:56
    at Array.map (&lt;anonymous&gt;)
    at getPostCssPlugins (/tmp/8de73002c023b4b/node_modules/next/dist/build/webpack/config/blocks/css/plugins.js:157:47)
    at async /tmp/8de73002c023b4b/node_modules/next/dist/build/webpack/config/blocks/css/index.js:124:36

./src/app/account/page.tsx
Module not found: Can&apos;t resolve &apos;@/context/AuthContext&apos;

https://nextjs.org/docs/messages/module-not-found

./src/app/account/page.tsx
Module not found: Can&apos;t resolve &apos;@/lib/utils&apos;

https://nextjs.org/docs/messages/module-not-found


&gt; Build failed because of webpack errors
/bin/bash -c &quot;oryx build /tmp/zipdeploy/extracted -o /home/site/wwwroot --platform nodejs --platform-version 20 -p virtualenv_name= --log-file /tmp/build-debug.log  -i /tmp/8de73002c023b4b -p compress_node_modules=tar-gz | tee /tmp/oryx-build.log ; exit $PIPESTATUS &quot;" stackTrace="   at Kudu.Core.Infrastructure.Executable.ExecuteInternal(ITracer tracer, Func`2 onWriteOutput, Func`2 onWriteError, CancellationToken token, Encoding encoding, String arguments, Object[] args) in /tmp/KuduLite/Kudu.Core/Infrastructure/Executable.cs:line 239
   at Kudu.Core.Infrastructure.Executable.ExecuteWithProgressWriter(ILogger logger, ITracer tracer, CancellationToken token, String arguments, Object[] args) in /tmp/KuduLite/Kudu.Core/Infrastructure/Executable.cs:line 118
   at Kudu.Core.Deployment.Generator.ExternalCommandBuilder.RunCommand(DeploymentContext context, String command, Boolean ignoreManifest, CancellationToken token, String message) in /tmp/KuduLite/Kudu.Core/Deployment/Generator/ExternalCommandBuilder.cs:line 135
   at Kudu.Core.Deployment.Generator.OryxBuilder.RunBuildCommand(IOryxArguments args, DeploymentContext context, CancellationToken token) in /tmp/KuduLite/Kudu.Core/Deployment/Generator/OryxBuilder.cs:line 295
   at Kudu.Core.Deployment.Generator.OryxBuilder.Build(DeploymentContext context, CancellationToken token) in /tmp/KuduLite/Kudu.Core/Deployment/Generator/OryxBuilder.cs:line 136
   at Kudu.Core.Deployment.DeploymentManager.Build(ChangeSet changeSet, ITracer tracer, IDisposable deployStep, IRepository repository, DeploymentInfoBase deploymentInfo, DeploymentAnalytics deploymentAnalytics, Boolean fullBuildByDefault, CancellationToken cancellationToken) in /tmp/KuduLite/Kudu.Core/Deployment/DeploymentManager.cs:line 771
   at Kudu.Core.Deployment.DeploymentManager.Build(ChangeSet changeSet, ITracer tracer, IDisposable deployStep, IRepository repository, DeploymentInfoBase deploymentInfo, DeploymentAnalytics deploymentAnalytics, Boolean fullBuildByDefault, CancellationToken cancellationToken) in /tmp/KuduLite/Kudu.Core/Deployment/DeploymentManager.cs:line 840
   at Kudu.Core.Deployment.DeploymentManager.DeployAsync(IRepository repository, ChangeSet changeSet, String deployer, Boolean clean, DeploymentInfoBase deploymentInfo, Boolean needFileUpdate, Boolean fullBuildByDefault) in /tmp/KuduLite/Kudu.Core/Deployment/DeploymentManager.cs:line 266" /><!-- duration: 4ms -->
        <step title="Marking deployment as failed and cleaning up the temp deployment" date="2026-02-23T17:26:52.385" /><!-- duration: 10ms -->
      </step><!-- duration: 243313ms -->
      <step title="Error occurred" date="2026-02-23T17:26:52.556" type="error" text="One or more errors occurred. (Deployment failed)" stackTrace="   at System.Threading.Tasks.Task.ThrowIfExceptional(Boolean includeTaskCanceledExceptions)
   at System.Threading.Tasks.Task.Wait(Int32 millisecondsTimeout, CancellationToken cancellationToken)
   at System.Threading.Tasks.Task.Wait()
   at Kudu.Core.Deployment.FetchDeploymentManager.&lt;&gt;c__DisplayClass22_1.&lt;PerformBackgroundDeployment&gt;b__3() in /tmp/KuduLite/Kudu.Core/Deployment/FetchDeploymentManager.cs:line 414
   at Kudu.Contracts.Infrastructure.LockExtensions.TryLockOperation(IOperationLock lockObj, Action operation, String operationName, TimeSpan timeout) in /tmp/KuduLite/Kudu.Contracts/Infrastructure/LockExtensions.cs:line 34
   at Kudu.Contracts.Infrastructure.LockExtensions.LockOperation(IOperationLock lockObj, Action operation, String operationName, TimeSpan timeout) in /tmp/KuduLite/Kudu.Contracts/Infrastructure/LockExtensions.cs:line 46
   at Kudu.Core.Deployment.FetchDeploymentManager.&lt;&gt;c__DisplayClass22_0.&lt;PerformBackgroundDeployment&gt;b__1() in /tmp/KuduLite/Kudu.Core/Deployment/FetchDeploymentManager.cs:line 393" innerText="Deployment failed" innerStackTrace="   at Kudu.Core.Deployment.DeploymentManager.DeployAsync(IRepository repository, ChangeSet changeSet, String deployer, Boolean clean, DeploymentInfoBase deploymentInfo, Boolean needFileUpdate, Boolean fullBuildByDefault) in /tmp/KuduLite/Kudu.Core/Deployment/DeploymentManager.cs:line 307
   at Kudu.Core.Deployment.FetchDeploymentManager.PerformDeployment(DeploymentInfoBase deploymentInfo, IDisposable tempDeployment, ChangeSet tempChangeSet, DeployStatusApiResult updateStatusObj) in /tmp/KuduLite/Kudu.Core/Deployment/FetchDeploymentManager.cs:line 230" /><!-- duration: 11ms -->
    </step><!-- duration: 243363ms -->
