<step title="BackgroundTrace" date="2026-02-23T18:32:08.825" instance="c8e42a" url="/api/zipdeploy" method="POST" >
  <step title="Cleanup Xml Logs" date="2026-02-23T18:32:08.837" /><!-- duration: 7ms -->
  <step title="Creating temporary deployment - FetchDeploymentManager" date="2026-02-23T18:32:08.946" /><!-- duration: 10ms -->
  <step title="Creating temporary deployment" date="2026-02-23T18:32:08.967" /><!-- duration: 160ms -->
  <step title="Performing fetch based deployment" date="2026-02-23T18:32:09.195" >
    <step title="Cleaning up temp folders from previous zip deployments and extracting pushed zip file /tmp/zipdeploy/93358a3e-b6dd-4da7-b0e3-2aabd4afd8e4.zip (9.40 MB) to /tmp/zipdeploy/extracted" date="2026-02-23T18:32:10.452" >
      <step title="ChmodRecursive Process exited with total time taken in ms: 240" date="2026-02-23T18:32:14.031" /><!-- duration: 21ms -->
    </step><!-- duration: 3630ms -->
    <step title="Deployment timer started" date="2026-02-23T18:32:16.143" >
      <step title="DeploymentManager.Deploy(id:4dac70f0-1988-4396-9f1d-f9f573bc7fa5)" date="2026-02-23T18:32:16.235" >
        <step title="Collecting changeset information" date="2026-02-23T18:32:16.405" /><!-- duration: 201ms -->
        <step title="Updating submodules" date="2026-02-23T18:32:16.626" /><!-- duration: 1315ms -->
        <step title="Determining deployment builder" date="2026-02-23T18:32:18.505" >
          <step title="Builder is OryxBuilder" date="2026-02-23T18:32:18.576" /><!-- duration: 18ms -->
        </step><!-- duration: 101ms -->
        <step title="PreDeployment: context.CleanOutputPath False" date="2026-02-23T18:32:18.797" >
          <step title="PreDeployment: context.OutputPath /home/site/wwwroot" date="2026-02-23T18:32:19.119" >
            <step title="Building" date="2026-02-23T18:32:19.761" >
              <step title="Executing external process" date="2026-02-23T18:32:20.809" type="process" path="bash" arguments="-c &quot;oryx build /tmp/zipdeploy/extracted -o /home/site/wwwroot --platform nodejs --platform-version 20 -p virtualenv_name= --log-file /tmp/build-debug.log  -i /tmp/8de7309e03060d2 -p compress_node_modules=tar-gz | tee /tmp/oryx-build.log ; exit $PIPESTATUS &quot;" >
                <step title="Cpu: npm install(1989,104.460s)+build.sh(1905,0.050s)+oryx(1880,9.310s)+tee(1881,0.000s)+bash(1879,0.000s)=total(113.810s)" date="2026-02-23T18:35:30.335" /><!-- duration: 20ms -->
                <step title="bash: no io activity for 60s, prev-cpu=-1.000s, current-cpu=113.810s" date="2026-02-23T18:35:30.395" /><!-- duration: 40ms -->
                <step title="Cpu: npm install(1989,149.520s)+build.sh(1905,0.050s)+oryx(1880,9.450s)+tee(1881,0.000s)+bash(1879,0.000s)=total(159.020s)" date="2026-02-23T18:36:31.031" /><!-- duration: 12ms -->
                <step title="bash: no io activity for 121s, prev-cpu=113.810s, current-cpu=159.020s" date="2026-02-23T18:36:31.082" /><!-- duration: 41ms -->
                <step title="Cpu: npm install(1989,180.850s)+build.sh(1905,0.050s)+oryx(1880,9.540s)+tee(1881,0.000s)+bash(1879,0.000s)=total(190.430s)" date="2026-02-23T18:37:31.854" /><!-- duration: 70ms -->
                <step title="bash: no io activity for 181s, prev-cpu=159.020s, current-cpu=190.430s" date="2026-02-23T18:37:32.086" /><!-- duration: 49ms -->
                <step title="Process dump" date="2026-02-23T18:39:45.578" exitCode="1" type="processOutput" /><!-- duration: 12ms -->
              </step><!-- duration: 444803ms -->
              <step title="Error occurred" date="2026-02-23T18:39:45.661" type="error" text="npm warn deprecated rimraf@3.0.2: Rimraf versions prior to v4 are no longer supported
npm warn deprecated inflight@1.0.6: This module is not supported, and leaks memory. Do not use it. Check out lru-cache if you want a good and tested way to coalesce async requests by a key value, which is much more comprehensive and powerful.
npm warn deprecated @humanwhocodes/object-schema@2.0.3: Use @eslint/object-schema instead
npm warn deprecated @humanwhocodes/config-array@0.13.0: Use @eslint/config-array instead
npm warn deprecated glob@7.2.3: Old versions of glob are not supported, and contain widely publicized security vulnerabilities, which have been fixed in the current version. Please update. Support for old versions may be purchased (at exorbitant rates) by contacting i@izs.me
npm warn deprecated glob@10.3.10: Old versions of glob are not supported, and contain widely publicized security vulnerabilities, which have been fixed in the current version. Please update. Support for old versions may be purchased (at exorbitant rates) by contacting i@izs.me
npm warn deprecated eslint@8.57.1: This version is no longer supported. Please see https://eslint.org/version-support for other options.
npm warn deprecated next@14.2.3: This version has a security vulnerability. Please upgrade to a patched version. See https://nextjs.org/blog/security-update-2025-12-11 for more details.
Failed to compile.

./src/lib/utils.ts
Module not found: Can&apos;t resolve &apos;clsx&apos;

https://nextjs.org/docs/messages/module-not-found

Import trace for requested module:
./src/app/account/page.tsx

./src/lib/utils.ts
Module not found: Can&apos;t resolve &apos;tailwind-merge&apos;

https://nextjs.org/docs/messages/module-not-found

Import trace for requested module:
./src/app/account/page.tsx

./src/lib/utils.ts
Module not found: Can&apos;t resolve &apos;clsx&apos;

https://nextjs.org/docs/messages/module-not-found

Import trace for requested module:
./src/app/api/orders/route.ts

./src/lib/utils.ts
Module not found: Can&apos;t resolve &apos;tailwind-merge&apos;

https://nextjs.org/docs/messages/module-not-found

Import trace for requested module:
./src/app/api/orders/route.ts


&gt; Build failed because of webpack errors
/bin/bash -c &quot;oryx build /tmp/zipdeploy/extracted -o /home/site/wwwroot --platform nodejs --platform-version 20 -p virtualenv_name= --log-file /tmp/build-debug.log  -i /tmp/8de7309e03060d2 -p compress_node_modules=tar-gz | tee /tmp/oryx-build.log ; exit $PIPESTATUS &quot;" stackTrace="   at Kudu.Core.Infrastructure.Executable.ExecuteInternal(ITracer tracer, Func`2 onWriteOutput, Func`2 onWriteError, CancellationToken token, Encoding encoding, String arguments, Object[] args) in /tmp/KuduLite/Kudu.Core/Infrastructure/Executable.cs:line 239
   at Kudu.Core.Infrastructure.Executable.ExecuteWithProgressWriter(ILogger logger, ITracer tracer, CancellationToken token, String arguments, Object[] args) in /tmp/KuduLite/Kudu.Core/Infrastructure/Executable.cs:line 118
   at Kudu.Core.Deployment.Generator.ExternalCommandBuilder.RunCommand(DeploymentContext context, String command, Boolean ignoreManifest, CancellationToken token, String message) in /tmp/KuduLite/Kudu.Core/Deployment/Generator/ExternalCommandBuilder.cs:line 135" /><!-- duration: 5ms -->
              <step title="Error occurred" date="2026-02-23T18:39:45.720" type="error" text="npm warn deprecated rimraf@3.0.2: Rimraf versions prior to v4 are no longer supported
npm warn deprecated inflight@1.0.6: This module is not supported, and leaks memory. Do not use it. Check out lru-cache if you want a good and tested way to coalesce async requests by a key value, which is much more comprehensive and powerful.
npm warn deprecated @humanwhocodes/object-schema@2.0.3: Use @eslint/object-schema instead
npm warn deprecated @humanwhocodes/config-array@0.13.0: Use @eslint/config-array instead
npm warn deprecated glob@7.2.3: Old versions of glob are not supported, and contain widely publicized security vulnerabilities, which have been fixed in the current version. Please update. Support for old versions may be purchased (at exorbitant rates) by contacting i@izs.me
npm warn deprecated glob@10.3.10: Old versions of glob are not supported, and contain widely publicized security vulnerabilities, which have been fixed in the current version. Please update. Support for old versions may be purchased (at exorbitant rates) by contacting i@izs.me
npm warn deprecated eslint@8.57.1: This version is no longer supported. Please see https://eslint.org/version-support for other options.
npm warn deprecated next@14.2.3: This version has a security vulnerability. Please upgrade to a patched version. See https://nextjs.org/blog/security-update-2025-12-11 for more details.
Failed to compile.

./src/lib/utils.ts
Module not found: Can&apos;t resolve &apos;clsx&apos;

https://nextjs.org/docs/messages/module-not-found

Import trace for requested module:
./src/app/account/page.tsx

./src/lib/utils.ts
Module not found: Can&apos;t resolve &apos;tailwind-merge&apos;

https://nextjs.org/docs/messages/module-not-found

Import trace for requested module:
./src/app/account/page.tsx

./src/lib/utils.ts
Module not found: Can&apos;t resolve &apos;clsx&apos;

https://nextjs.org/docs/messages/module-not-found

Import trace for requested module:
./src/app/api/orders/route.ts

./src/lib/utils.ts
Module not found: Can&apos;t resolve &apos;tailwind-merge&apos;

https://nextjs.org/docs/messages/module-not-found

Import trace for requested module:
./src/app/api/orders/route.ts


&gt; Build failed because of webpack errors
/bin/bash -c &quot;oryx build /tmp/zipdeploy/extracted -o /home/site/wwwroot --platform nodejs --platform-version 20 -p virtualenv_name= --log-file /tmp/build-debug.log  -i /tmp/8de7309e03060d2 -p compress_node_modules=tar-gz | tee /tmp/oryx-build.log ; exit $PIPESTATUS &quot;" stackTrace="   at Kudu.Core.Infrastructure.Executable.ExecuteInternal(ITracer tracer, Func`2 onWriteOutput, Func`2 onWriteError, CancellationToken token, Encoding encoding, String arguments, Object[] args) in /tmp/KuduLite/Kudu.Core/Infrastructure/Executable.cs:line 239
   at Kudu.Core.Infrastructure.Executable.ExecuteWithProgressWriter(ILogger logger, ITracer tracer, CancellationToken token, String arguments, Object[] args) in /tmp/KuduLite/Kudu.Core/Infrastructure/Executable.cs:line 118
   at Kudu.Core.Deployment.Generator.ExternalCommandBuilder.RunCommand(DeploymentContext context, String command, Boolean ignoreManifest, CancellationToken token, String message) in /tmp/KuduLite/Kudu.Core/Deployment/Generator/ExternalCommandBuilder.cs:line 135
   at Kudu.Core.Deployment.Generator.OryxBuilder.RunBuildCommand(IOryxArguments args, DeploymentContext context, CancellationToken token) in /tmp/KuduLite/Kudu.Core/Deployment/Generator/OryxBuilder.cs:line 295
   at Kudu.Core.Deployment.Generator.OryxBuilder.Build(DeploymentContext context, CancellationToken token) in /tmp/KuduLite/Kudu.Core/Deployment/Generator/OryxBuilder.cs:line 136
   at Kudu.Core.Deployment.DeploymentManager.Build(ChangeSet changeSet, ITracer tracer, IDisposable deployStep, IRepository repository, DeploymentInfoBase deploymentInfo, DeploymentAnalytics deploymentAnalytics, Boolean fullBuildByDefault, CancellationToken cancellationToken) in /tmp/KuduLite/Kudu.Core/Deployment/DeploymentManager.cs:line 771" /><!-- duration: 6ms -->
              <step title="Using GenericDeploymentLogParser" date="2026-02-23T18:39:45.978" /><!-- duration: 4ms -->
              <step title="Purge deployment items" date="2026-02-23T18:39:47.461" >
                <step title="Remove bd9ded20-, Failed, received at 02/23/2026 17:43:03" date="2026-02-23T18:39:47.517" /><!-- duration: 4ms -->
              </step><!-- duration: 63ms -->
            </step><!-- duration: 447775ms -->
          </step><!-- duration: 448422ms -->
          <step title="Error occurred" date="2026-02-23T18:39:47.545" type="error" text="npm warn deprecated rimraf@3.0.2: Rimraf versions prior to v4 are no longer supported
npm warn deprecated inflight@1.0.6: This module is not supported, and leaks memory. Do not use it. Check out lru-cache if you want a good and tested way to coalesce async requests by a key value, which is much more comprehensive and powerful.
npm warn deprecated @humanwhocodes/object-schema@2.0.3: Use @eslint/object-schema instead
npm warn deprecated @humanwhocodes/config-array@0.13.0: Use @eslint/config-array instead
npm warn deprecated glob@7.2.3: Old versions of glob are not supported, and contain widely publicized security vulnerabilities, which have been fixed in the current version. Please update. Support for old versions may be purchased (at exorbitant rates) by contacting i@izs.me
npm warn deprecated glob@10.3.10: Old versions of glob are not supported, and contain widely publicized security vulnerabilities, which have been fixed in the current version. Please update. Support for old versions may be purchased (at exorbitant rates) by contacting i@izs.me
npm warn deprecated eslint@8.57.1: This version is no longer supported. Please see https://eslint.org/version-support for other options.
npm warn deprecated next@14.2.3: This version has a security vulnerability. Please upgrade to a patched version. See https://nextjs.org/blog/security-update-2025-12-11 for more details.
Failed to compile.

./src/lib/utils.ts
Module not found: Can&apos;t resolve &apos;clsx&apos;

https://nextjs.org/docs/messages/module-not-found

Import trace for requested module:
./src/app/account/page.tsx

./src/lib/utils.ts
Module not found: Can&apos;t resolve &apos;tailwind-merge&apos;

https://nextjs.org/docs/messages/module-not-found

Import trace for requested module:
./src/app/account/page.tsx

./src/lib/utils.ts
Module not found: Can&apos;t resolve &apos;clsx&apos;

https://nextjs.org/docs/messages/module-not-found

Import trace for requested module:
./src/app/api/orders/route.ts

./src/lib/utils.ts
Module not found: Can&apos;t resolve &apos;tailwind-merge&apos;

https://nextjs.org/docs/messages/module-not-found

Import trace for requested module:
./src/app/api/orders/route.ts


&gt; Build failed because of webpack errors
/bin/bash -c &quot;oryx build /tmp/zipdeploy/extracted -o /home/site/wwwroot --platform nodejs --platform-version 20 -p virtualenv_name= --log-file /tmp/build-debug.log  -i /tmp/8de7309e03060d2 -p compress_node_modules=tar-gz | tee /tmp/oryx-build.log ; exit $PIPESTATUS &quot;" stackTrace="   at Kudu.Core.Infrastructure.Executable.ExecuteInternal(ITracer tracer, Func`2 onWriteOutput, Func`2 onWriteError, CancellationToken token, Encoding encoding, String arguments, Object[] args) in /tmp/KuduLite/Kudu.Core/Infrastructure/Executable.cs:line 239
   at Kudu.Core.Infrastructure.Executable.ExecuteWithProgressWriter(ILogger logger, ITracer tracer, CancellationToken token, String arguments, Object[] args) in /tmp/KuduLite/Kudu.Core/Infrastructure/Executable.cs:line 118
   at Kudu.Core.Deployment.Generator.ExternalCommandBuilder.RunCommand(DeploymentContext context, String command, Boolean ignoreManifest, CancellationToken token, String message) in /tmp/KuduLite/Kudu.Core/Deployment/Generator/ExternalCommandBuilder.cs:line 135
   at Kudu.Core.Deployment.Generator.OryxBuilder.RunBuildCommand(IOryxArguments args, DeploymentContext context, CancellationToken token) in /tmp/KuduLite/Kudu.Core/Deployment/Generator/OryxBuilder.cs:line 295
   at Kudu.Core.Deployment.Generator.OryxBuilder.Build(DeploymentContext context, CancellationToken token) in /tmp/KuduLite/Kudu.Core/Deployment/Generator/OryxBuilder.cs:line 136
   at Kudu.Core.Deployment.DeploymentManager.Build(ChangeSet changeSet, ITracer tracer, IDisposable deployStep, IRepository repository, DeploymentInfoBase deploymentInfo, DeploymentAnalytics deploymentAnalytics, Boolean fullBuildByDefault, CancellationToken cancellationToken) in /tmp/KuduLite/Kudu.Core/Deployment/DeploymentManager.cs:line 771
   at Kudu.Core.Deployment.DeploymentManager.Build(ChangeSet changeSet, ITracer tracer, IDisposable deployStep, IRepository repository, DeploymentInfoBase deploymentInfo, DeploymentAnalytics deploymentAnalytics, Boolean fullBuildByDefault, CancellationToken cancellationToken) in /tmp/KuduLite/Kudu.Core/Deployment/DeploymentManager.cs:line 840" /><!-- duration: 8ms -->
          <step title="Cleaning up temp files" date="2026-02-23T18:39:47.605" /><!-- duration: 3593ms -->
          <step title="Cleaning up temp files" date="2026-02-23T18:39:51.203" /><!-- duration: 531ms -->
          <step title="Error occurred" date="2026-02-23T18:39:51.856" type="error" text="npm warn deprecated rimraf@3.0.2: Rimraf versions prior to v4 are no longer supported
npm warn deprecated inflight@1.0.6: This module is not supported, and leaks memory. Do not use it. Check out lru-cache if you want a good and tested way to coalesce async requests by a key value, which is much more comprehensive and powerful.
npm warn deprecated @humanwhocodes/object-schema@2.0.3: Use @eslint/object-schema instead
npm warn deprecated @humanwhocodes/config-array@0.13.0: Use @eslint/config-array instead
npm warn deprecated glob@7.2.3: Old versions of glob are not supported, and contain widely publicized security vulnerabilities, which have been fixed in the current version. Please update. Support for old versions may be purchased (at exorbitant rates) by contacting i@izs.me
npm warn deprecated glob@10.3.10: Old versions of glob are not supported, and contain widely publicized security vulnerabilities, which have been fixed in the current version. Please update. Support for old versions may be purchased (at exorbitant rates) by contacting i@izs.me
npm warn deprecated eslint@8.57.1: This version is no longer supported. Please see https://eslint.org/version-support for other options.
npm warn deprecated next@14.2.3: This version has a security vulnerability. Please upgrade to a patched version. See https://nextjs.org/blog/security-update-2025-12-11 for more details.
Failed to compile.

./src/lib/utils.ts
Module not found: Can&apos;t resolve &apos;clsx&apos;

https://nextjs.org/docs/messages/module-not-found

Import trace for requested module:
./src/app/account/page.tsx

./src/lib/utils.ts
Module not found: Can&apos;t resolve &apos;tailwind-merge&apos;

https://nextjs.org/docs/messages/module-not-found

Import trace for requested module:
./src/app/account/page.tsx

./src/lib/utils.ts
Module not found: Can&apos;t resolve &apos;clsx&apos;

https://nextjs.org/docs/messages/module-not-found

Import trace for requested module:
./src/app/api/orders/route.ts

./src/lib/utils.ts
Module not found: Can&apos;t resolve &apos;tailwind-merge&apos;

https://nextjs.org/docs/messages/module-not-found

Import trace for requested module:
./src/app/api/orders/route.ts


&gt; Build failed because of webpack errors
/bin/bash -c &quot;oryx build /tmp/zipdeploy/extracted -o /home/site/wwwroot --platform nodejs --platform-version 20 -p virtualenv_name= --log-file /tmp/build-debug.log  -i /tmp/8de7309e03060d2 -p compress_node_modules=tar-gz | tee /tmp/oryx-build.log ; exit $PIPESTATUS &quot;" stackTrace="   at Kudu.Core.Infrastructure.Executable.ExecuteInternal(ITracer tracer, Func`2 onWriteOutput, Func`2 onWriteError, CancellationToken token, Encoding encoding, String arguments, Object[] args) in /tmp/KuduLite/Kudu.Core/Infrastructure/Executable.cs:line 239
   at Kudu.Core.Infrastructure.Executable.ExecuteWithProgressWriter(ILogger logger, ITracer tracer, CancellationToken token, String arguments, Object[] args) in /tmp/KuduLite/Kudu.Core/Infrastructure/Executable.cs:line 118
   at Kudu.Core.Deployment.Generator.ExternalCommandBuilder.RunCommand(DeploymentContext context, String command, Boolean ignoreManifest, CancellationToken token, String message) in /tmp/KuduLite/Kudu.Core/Deployment/Generator/ExternalCommandBuilder.cs:line 135
   at Kudu.Core.Deployment.Generator.OryxBuilder.RunBuildCommand(IOryxArguments args, DeploymentContext context, CancellationToken token) in /tmp/KuduLite/Kudu.Core/Deployment/Generator/OryxBuilder.cs:line 295
   at Kudu.Core.Deployment.Generator.OryxBuilder.Build(DeploymentContext context, CancellationToken token) in /tmp/KuduLite/Kudu.Core/Deployment/Generator/OryxBuilder.cs:line 136
   at Kudu.Core.Deployment.DeploymentManager.Build(ChangeSet changeSet, ITracer tracer, IDisposable deployStep, IRepository repository, DeploymentInfoBase deploymentInfo, DeploymentAnalytics deploymentAnalytics, Boolean fullBuildByDefault, CancellationToken cancellationToken) in /tmp/KuduLite/Kudu.Core/Deployment/DeploymentManager.cs:line 771
   at Kudu.Core.Deployment.DeploymentManager.Build(ChangeSet changeSet, ITracer tracer, IDisposable deployStep, IRepository repository, DeploymentInfoBase deploymentInfo, DeploymentAnalytics deploymentAnalytics, Boolean fullBuildByDefault, CancellationToken cancellationToken) in /tmp/KuduLite/Kudu.Core/Deployment/DeploymentManager.cs:line 840
   at Kudu.Core.Deployment.DeploymentManager.DeployAsync(IRepository repository, ChangeSet changeSet, String deployer, Boolean clean, DeploymentInfoBase deploymentInfo, Boolean needFileUpdate, Boolean fullBuildByDefault) in /tmp/KuduLite/Kudu.Core/Deployment/DeploymentManager.cs:line 266" /><!-- duration: 29ms -->
        </step><!-- duration: 453118ms -->
        <step title="Reloading status file with latest updates" date="2026-02-23T18:39:52.017" >
          <step title="WebHooksManager.PublishEventAsync: PostDeployment" date="2026-02-23T18:39:52.026" /><!-- duration: 56ms -->
        </step><!-- duration: 68ms -->
        <step title="Error occurred" date="2026-02-23T18:39:52.089" type="error" text="npm warn deprecated rimraf@3.0.2: Rimraf versions prior to v4 are no longer supported
npm warn deprecated inflight@1.0.6: This module is not supported, and leaks memory. Do not use it. Check out lru-cache if you want a good and tested way to coalesce async requests by a key value, which is much more comprehensive and powerful.
npm warn deprecated @humanwhocodes/object-schema@2.0.3: Use @eslint/object-schema instead
npm warn deprecated @humanwhocodes/config-array@0.13.0: Use @eslint/config-array instead
npm warn deprecated glob@7.2.3: Old versions of glob are not supported, and contain widely publicized security vulnerabilities, which have been fixed in the current version. Please update. Support for old versions may be purchased (at exorbitant rates) by contacting i@izs.me
npm warn deprecated glob@10.3.10: Old versions of glob are not supported, and contain widely publicized security vulnerabilities, which have been fixed in the current version. Please update. Support for old versions may be purchased (at exorbitant rates) by contacting i@izs.me
npm warn deprecated eslint@8.57.1: This version is no longer supported. Please see https://eslint.org/version-support for other options.
npm warn deprecated next@14.2.3: This version has a security vulnerability. Please upgrade to a patched version. See https://nextjs.org/blog/security-update-2025-12-11 for more details.
Failed to compile.

./src/lib/utils.ts
Module not found: Can&apos;t resolve &apos;clsx&apos;

https://nextjs.org/docs/messages/module-not-found

Import trace for requested module:
./src/app/account/page.tsx

./src/lib/utils.ts
Module not found: Can&apos;t resolve &apos;tailwind-merge&apos;

https://nextjs.org/docs/messages/module-not-found

Import trace for requested module:
./src/app/account/page.tsx

./src/lib/utils.ts
Module not found: Can&apos;t resolve &apos;clsx&apos;

https://nextjs.org/docs/messages/module-not-found

Import trace for requested module:
./src/app/api/orders/route.ts

./src/lib/utils.ts
Module not found: Can&apos;t resolve &apos;tailwind-merge&apos;

https://nextjs.org/docs/messages/module-not-found

Import trace for requested module:
./src/app/api/orders/route.ts


&gt; Build failed because of webpack errors
/bin/bash -c &quot;oryx build /tmp/zipdeploy/extracted -o /home/site/wwwroot --platform nodejs --platform-version 20 -p virtualenv_name= --log-file /tmp/build-debug.log  -i /tmp/8de7309e03060d2 -p compress_node_modules=tar-gz | tee /tmp/oryx-build.log ; exit $PIPESTATUS &quot;" stackTrace="   at Kudu.Core.Infrastructure.Executable.ExecuteInternal(ITracer tracer, Func`2 onWriteOutput, Func`2 onWriteError, CancellationToken token, Encoding encoding, String arguments, Object[] args) in /tmp/KuduLite/Kudu.Core/Infrastructure/Executable.cs:line 239
   at Kudu.Core.Infrastructure.Executable.ExecuteWithProgressWriter(ILogger logger, ITracer tracer, CancellationToken token, String arguments, Object[] args) in /tmp/KuduLite/Kudu.Core/Infrastructure/Executable.cs:line 118
   at Kudu.Core.Deployment.Generator.ExternalCommandBuilder.RunCommand(DeploymentContext context, String command, Boolean ignoreManifest, CancellationToken token, String message) in /tmp/KuduLite/Kudu.Core/Deployment/Generator/ExternalCommandBuilder.cs:line 135
   at Kudu.Core.Deployment.Generator.OryxBuilder.RunBuildCommand(IOryxArguments args, DeploymentContext context, CancellationToken token) in /tmp/KuduLite/Kudu.Core/Deployment/Generator/OryxBuilder.cs:line 295
   at Kudu.Core.Deployment.Generator.OryxBuilder.Build(DeploymentContext context, CancellationToken token) in /tmp/KuduLite/Kudu.Core/Deployment/Generator/OryxBuilder.cs:line 136
   at Kudu.Core.Deployment.DeploymentManager.Build(ChangeSet changeSet, ITracer tracer, IDisposable deployStep, IRepository repository, DeploymentInfoBase deploymentInfo, DeploymentAnalytics deploymentAnalytics, Boolean fullBuildByDefault, CancellationToken cancellationToken) in /tmp/KuduLite/Kudu.Core/Deployment/DeploymentManager.cs:line 771
   at Kudu.Core.Deployment.DeploymentManager.Build(ChangeSet changeSet, ITracer tracer, IDisposable deployStep, IRepository repository, DeploymentInfoBase deploymentInfo, DeploymentAnalytics deploymentAnalytics, Boolean fullBuildByDefault, CancellationToken cancellationToken) in /tmp/KuduLite/Kudu.Core/Deployment/DeploymentManager.cs:line 840
   at Kudu.Core.Deployment.DeploymentManager.DeployAsync(IRepository repository, ChangeSet changeSet, String deployer, Boolean clean, DeploymentInfoBase deploymentInfo, Boolean needFileUpdate, Boolean fullBuildByDefault) in /tmp/KuduLite/Kudu.Core/Deployment/DeploymentManager.cs:line 266" /><!-- duration: 5ms -->
        <step title="Marking deployment as failed and cleaning up the temp deployment" date="2026-02-23T18:39:52.217" /><!-- duration: 30ms -->
      </step><!-- duration: 456278ms -->
      <step title="Error occurred" date="2026-02-23T18:39:52.550" type="error" text="One or more errors occurred. (Deployment failed)" stackTrace="   at System.Threading.Tasks.Task.ThrowIfExceptional(Boolean includeTaskCanceledExceptions)
   at System.Threading.Tasks.Task.Wait(Int32 millisecondsTimeout, CancellationToken cancellationToken)
   at System.Threading.Tasks.Task.Wait()
   at Kudu.Core.Deployment.FetchDeploymentManager.&lt;&gt;c__DisplayClass22_1.&lt;PerformBackgroundDeployment&gt;b__3() in /tmp/KuduLite/Kudu.Core/Deployment/FetchDeploymentManager.cs:line 414
   at Kudu.Contracts.Infrastructure.LockExtensions.TryLockOperation(IOperationLock lockObj, Action operation, String operationName, TimeSpan timeout) in /tmp/KuduLite/Kudu.Contracts/Infrastructure/LockExtensions.cs:line 34
   at Kudu.Contracts.Infrastructure.LockExtensions.LockOperation(IOperationLock lockObj, Action operation, String operationName, TimeSpan timeout) in /tmp/KuduLite/Kudu.Contracts/Infrastructure/LockExtensions.cs:line 46
   at Kudu.Core.Deployment.FetchDeploymentManager.&lt;&gt;c__DisplayClass22_0.&lt;PerformBackgroundDeployment&gt;b__1() in /tmp/KuduLite/Kudu.Core/Deployment/FetchDeploymentManager.cs:line 393" innerText="Deployment failed" innerStackTrace="   at Kudu.Core.Deployment.DeploymentManager.DeployAsync(IRepository repository, ChangeSet changeSet, String deployer, Boolean clean, DeploymentInfoBase deploymentInfo, Boolean needFileUpdate, Boolean fullBuildByDefault) in /tmp/KuduLite/Kudu.Core/Deployment/DeploymentManager.cs:line 307
   at Kudu.Core.Deployment.FetchDeploymentManager.PerformDeployment(DeploymentInfoBase deploymentInfo, IDisposable tempDeployment, ChangeSet tempChangeSet, DeployStatusApiResult updateStatusObj) in /tmp/KuduLite/Kudu.Core/Deployment/FetchDeploymentManager.cs:line 230" /><!-- duration: 5ms -->
    </step><!-- duration: 456417ms -->
