<step title="BackgroundTrace" date="2026-02-23T17:01:10.522" instance="c8e42a" url="/api/zipdeploy" method="POST" >
  <step title="Cleanup Xml Logs" date="2026-02-23T17:01:10.552" /><!-- duration: 31ms -->
  <step title="Creating temporary deployment - FetchDeploymentManager" date="2026-02-23T17:01:11.024" /><!-- duration: 12ms -->
  <step title="Creating temporary deployment" date="2026-02-23T17:01:11.044" /><!-- duration: 80ms -->
  <step title="Performing fetch based deployment" date="2026-02-23T17:01:11.190" >
    <step title="Cleaning up temp folders from previous zip deployments and extracting pushed zip file /tmp/zipdeploy/c409840e-a05e-4780-b3b1-ccce70284dcf.zip (9.13 MB) to /tmp/zipdeploy/extracted" date="2026-02-23T17:01:12.377" >
      <step title="ChmodRecursive Process exited with total time taken in ms: 171" date="2026-02-23T17:01:14.162" /><!-- duration: 19ms -->
    </step><!-- duration: 1821ms -->
    <step title="Deployment timer started" date="2026-02-23T17:01:16.219" >
      <step title="DeploymentManager.Deploy(id:df998c85-54b3-450e-9cbd-c774cce75fe1)" date="2026-02-23T17:01:16.227" >
        <step title="Collecting changeset information" date="2026-02-23T17:01:16.278" /><!-- duration: 96ms -->
        <step title="Updating submodules" date="2026-02-23T17:01:16.380" /><!-- duration: 1138ms -->
        <step title="Determining deployment builder" date="2026-02-23T17:01:17.754" >
          <step title="Builder is BasicBuilder" date="2026-02-23T17:01:17.776" /><!-- duration: 4ms -->
        </step><!-- duration: 30ms -->
        <step title="PreDeployment: context.CleanOutputPath False" date="2026-02-23T17:01:17.839" >
          <step title="PreDeployment: context.OutputPath /home/site/wwwroot" date="2026-02-23T17:01:17.956" >
            <step title="Building" date="2026-02-23T17:01:18.104" >
              <step title="Executing external process" date="2026-02-23T17:01:18.421" type="process" path="starter.sh" arguments="/opt/Kudu/Scripts/parallel_rsync.sh /tmp/zipdeploy/extracted /home/site/wwwroot 8 /tmp/ False True  " /><!-- duration: 6405ms -->
              <step title="Triggering recycle (preview mode disabled)." date="2026-02-23T17:01:25.095" /><!-- duration: 13ms -->
              <step title="Modified file to trigger a restart of the app container." date="2026-02-23T17:01:25.135" /><!-- duration: 4ms -->
              <step title="Skip function trigger and logicapp sync because function is not enabled." date="2026-02-23T17:01:25.146" /><!-- duration: 12ms -->
            </step><!-- duration: 7846ms -->
          </step><!-- duration: 8017ms -->
          <step title="Cleaning up temp files" date="2026-02-23T17:01:25.976" /><!-- duration: 5ms -->
          <step title="Cleaning up temp files" date="2026-02-23T17:01:25.991" /><!-- duration: 521ms -->
          <step title="Reloading status file with latest updates" date="2026-02-23T17:01:26.548" >
            <step title="WebHooksManager.PublishEventAsync: PostDeployment" date="2026-02-23T17:01:26.553" /><!-- duration: 118ms -->
          </step><!-- duration: 127ms -->
          <step title="Cleaning up temporary deployment - fetch deployment was successful" date="2026-02-23T17:01:26.681" /><!-- duration: 4ms -->
        </step><!-- duration: 8983ms -->
      </step><!-- duration: 10614ms -->
