﻿<?xml version="1.0" encoding="utf-8"?>
<deployment>
  <id>df998c85-54b3-450e-9cbd-c774cce75fe1</id>
  <author>N/A</author>
  <deployer>Push-Deployer</deployer>
  <authorEmail>N/A</authorEmail>
  <message>Created via a push deployment</message>
  <progress></progress>
  <status>Success</status>
  <statusText></statusText>
  <lastSuccessEndTime>2026-02-23T17:01:25.5593524Z</lastSuccessEndTime>
  <receivedTime>2026-02-23T17:01:16.3172467Z</receivedTime>
  <startTime>2026-02-23T17:01:17.6792449Z</startTime>
  <endTime>2026-02-23T17:01:25.5593524Z</endTime>
  <complete>True</complete>
  <is_temp>False</is_temp>
  <is_readonly>True</is_readonly>
  <containerId>7885ac36affa</containerId>
  <buildSummary />
</deployment>