﻿<?xml version="1.0" encoding="utf-8"?>
<deployment>
  <id>c1cd0443-17ab-4d05-accf-48ed08c15a37</id>
  <author>N/A</author>
  <deployer>OneDeploy</deployer>
  <authorEmail>N/A</authorEmail>
  <message>OneDeploy</message>
  <progress></progress>
  <status>Success</status>
  <statusText></statusText>
  <lastSuccessEndTime>2026-02-24T11:21:55.6859334Z</lastSuccessEndTime>
  <receivedTime>2026-02-24T11:15:21.4838443Z</receivedTime>
  <startTime>2026-02-24T11:15:23.2588213Z</startTime>
  <endTime>2026-02-24T11:21:55.6859334Z</endTime>
  <complete>True</complete>
  <is_temp>False</is_temp>
  <is_readonly>True</is_readonly>
  <containerId>231eaf8beaab</containerId>
  <buildSummary />
</deployment>