﻿<?xml version="1.0" encoding="utf-8"?>
<deployment>
  <id>002c9b3b-9756-4d0f-9ca6-68772bbf408c</id>
  <author>N/A</author>
  <deployer>OneDeploy</deployer>
  <authorEmail>N/A</authorEmail>
  <message>OneDeploy</message>
  <progress></progress>
  <status>Success</status>
  <statusText></statusText>
  <lastSuccessEndTime>2026-02-24T11:55:43.2958187Z</lastSuccessEndTime>
  <receivedTime>2026-02-24T11:50:28.5032168Z</receivedTime>
  <startTime>2026-02-24T11:50:30.0068511Z</startTime>
  <endTime>2026-02-24T11:55:43.2958187Z</endTime>
  <complete>True</complete>
  <is_temp>False</is_temp>
  <is_readonly>True</is_readonly>
  <containerId>e2f5cf4330cc</containerId>
  <buildSummary />
</deployment>