﻿<?xml version="1.0" encoding="utf-8"?>
<deployment>
  <id>a7b0a21a-a61f-49f2-bf4c-1e51633a9ee0</id>
  <author>N/A</author>
  <deployer>OneDeploy</deployer>
  <authorEmail>N/A</authorEmail>
  <message>OneDeploy</message>
  <progress></progress>
  <status>Success</status>
  <statusText></statusText>
  <lastSuccessEndTime>2026-02-24T09:41:11.4969198Z</lastSuccessEndTime>
  <receivedTime>2026-02-24T09:38:00.7625519Z</receivedTime>
  <startTime>2026-02-24T09:38:03.2507375Z</startTime>
  <endTime>2026-02-24T09:41:11.4969198Z</endTime>
  <complete>True</complete>
  <is_temp>False</is_temp>
  <is_readonly>True</is_readonly>
  <containerId>e6f6cf4c5e78</containerId>
  <buildSummary />
</deployment>