﻿<?xml version="1.0" encoding="utf-8"?>
<deployment>
  <id>e5fb7a16-bef7-471f-b12b-5e87abddcd40</id>
  <author>N/A</author>
  <deployer>OneDeploy</deployer>
  <authorEmail>N/A</authorEmail>
  <message>OneDeploy</message>
  <progress></progress>
  <status>Success</status>
  <statusText></statusText>
  <lastSuccessEndTime>2026-02-24T13:52:58.6561039Z</lastSuccessEndTime>
  <receivedTime>2026-02-24T13:52:43.2104058Z</receivedTime>
  <startTime>2026-02-24T13:52:44.6156945Z</startTime>
  <endTime>2026-02-24T13:52:58.6561039Z</endTime>
  <complete>True</complete>
  <is_temp>False</is_temp>
  <is_readonly>True</is_readonly>
  <containerId>670909fd9a67</containerId>
  <buildSummary />
</deployment>