<step title="BackgroundTrace" date="2026-02-23T21:54:23.606" instance="c8e42a" url="/api/zipdeploy" method="POST" >
  <step title="Cleanup Xml Logs" date="2026-02-23T21:54:23.616" >
    <step title="Cleanup Infos" date="2026-02-23T21:54:23.631" totalFiles="301" totalCleanup="141" /><!-- duration: 6ms -->
  </step><!-- duration: 25ms -->
  <step title="Creating temporary deployment - FetchDeploymentManager" date="2026-02-23T21:54:23.700" /><!-- duration: 4ms -->
  <step title="Creating temporary deployment" date="2026-02-23T21:54:23.708" /><!-- duration: 72ms -->
  <step title="Performing fetch based deployment" date="2026-02-23T21:54:23.874" >
    <step title="Cleaning up temp folders from previous zip deployments and extracting pushed zip file /tmp/zipdeploy/04ba3476-f8f2-4d12-a599-8fb485a3a9f4.zip (23.98 MB) to /tmp/zipdeploy/extracted" date="2026-02-23T21:54:25.047" >
      <step title="ChmodRecursive Process exited with total time taken in ms: 132" date="2026-02-23T21:54:30.842" /><!-- duration: 9ms -->
    </step><!-- duration: 5810ms -->
    <step title="Deployment timer started" date="2026-02-23T21:54:32.870" >
      <step title="DeploymentManager.Deploy(id:f9f3b619-34f2-4aad-b51d-91fe630e3f96)" date="2026-02-23T21:54:32.876" >
        <step title="Collecting changeset information" date="2026-02-23T21:54:32.929" /><!-- duration: 644ms -->
        <step title="Updating submodules" date="2026-02-23T21:54:33.581" /><!-- duration: 1117ms -->
        <step title="Determining deployment builder" date="2026-02-23T21:54:34.892" >
          <step title="Builder is BasicBuilder" date="2026-02-23T21:54:34.922" /><!-- duration: 7ms -->
        </step><!-- duration: 41ms -->
        <step title="PreDeployment: context.CleanOutputPath False" date="2026-02-23T21:54:34.994" >
          <step title="PreDeployment: context.OutputPath /home/site/wwwroot" date="2026-02-23T21:54:35.101" >
            <step title="Building" date="2026-02-23T21:54:35.247" >
              <step title="Executing external process" date="2026-02-23T21:54:35.545" type="process" path="starter.sh" arguments="/opt/Kudu/Scripts/parallel_rsync.sh /tmp/zipdeploy/extracted /home/site/wwwroot 8 /tmp/ False True  " /><!-- duration: 26294ms -->
              <step title="Triggering recycle (preview mode disabled)." date="2026-02-23T21:55:02.195" /><!-- duration: 18ms -->
              <step title="Modified file to trigger a restart of the app container." date="2026-02-23T21:55:02.314" /><!-- duration: 22ms -->
              <step title="Skip function trigger and logicapp sync because function is not enabled." date="2026-02-23T21:55:02.344" /><!-- duration: 29ms -->
            </step><!-- duration: 28357ms -->
          </step><!-- duration: 28553ms -->
          <step title="Cleaning up temp files" date="2026-02-23T21:55:03.662" /><!-- duration: 23ms -->
          <step title="Cleaning up temp files" date="2026-02-23T21:55:03.701" /><!-- duration: 531ms -->
          <step title="Reloading status file with latest updates" date="2026-02-23T21:55:04.295" >
            <step title="WebHooksManager.PublishEventAsync: PostDeployment" date="2026-02-23T21:55:04.313" /><!-- duration: 192ms -->
          </step><!-- duration: 251ms -->
          <step title="Cleaning up temporary deployment - fetch deployment was successful" date="2026-02-23T21:55:04.604" /><!-- duration: 13ms -->
        </step><!-- duration: 29771ms -->
      </step><!-- duration: 32030ms -->
