<step title="Incoming Request" date="2026-02-24T07:11:12.623" instance="c8e42a" url="/deploy?scmType=GitHubAction&amp;isAsync=true" method="POST" type="request" pid="833,1,3" Host="kholo-may-boutique.scm.azurewebsites.net" User-Agent="Azure-WebSites-Controller/107.0.7.33" Authorization="Bas..." Expect="100-continue" Content-Length="90" x-ms-request-id="0b7cf7a9-bc0b-4632-8fe7-2197f85de2e6" X-ARR-LOG-ID="0b7cf7a9-bc0b-4632-8fe7-2197f85de2e6" CLIENT-IP="20.87.80.128:1473" X-SITE-DEPLOYMENT-ID="kholo-may-boutique" WAS-DEFAULT-HOSTNAME="kholo-may-boutique.scm.azurewebsites.net" X-MS-PLATFORM-INTERNAL="True" X-Forwarded-Proto="https" X-AppService-Proto="https" X-Forwarded-TlsVersion="1.3" X-WAWS-Unencoded-URL="/deploy?scmType=GitHubAction&amp;isAsync=true" X-Client-IP="20.87.80.128" X-Client-Port="1473" >
  <step title="Cleanup Xml Logs" date="2026-02-24T07:11:12.626" >
    <step title="Cleanup Infos" date="2026-02-24T07:11:12.639" totalFiles="435" totalCleanup="275" /><!-- duration: 21ms -->
  </step><!-- duration: 37ms -->
  <step title="FetchHandler" date="2026-02-24T07:11:12.750" >
    <step title="GitExeRepository.Initialize" date="2026-02-24T07:11:12.987" >
      <step title="Executing external process" date="2026-02-24T07:11:12.990" type="process" path="git" arguments="init" /><!-- duration: 248ms -->
      <step title="Executing external process" date="2026-02-24T07:11:13.242" type="process" path="git" arguments="config core.autocrlf false" /><!-- duration: 20ms -->
      <step title="Executing external process" date="2026-02-24T07:11:13.265" type="process" path="git" arguments="config core.preloadindex true" /><!-- duration: 18ms -->
      <step title="Executing external process" date="2026-02-24T07:11:13.288" type="process" path="git" arguments="config user.name &quot;unknown&quot;" /><!-- duration: 25ms -->
      <step title="Executing external process" date="2026-02-24T07:11:13.343" type="process" path="git" arguments="config user.email &quot;unknown&quot;" /><!-- duration: 26ms -->
      <step title="Executing external process" date="2026-02-24T07:11:13.372" type="process" path="git" arguments="config filter.lfs.clean &quot;git-lfs clean %f&quot;" /><!-- duration: 17ms -->
      <step title="Executing external process" date="2026-02-24T07:11:13.392" type="process" path="git" arguments="config filter.lfs.smudge &quot;git-lfs smudge %f&quot;" /><!-- duration: 17ms -->
      <step title="Executing external process" date="2026-02-24T07:11:13.413" type="process" path="git" arguments="config filter.lfs.required true" /><!-- duration: 26ms -->
      <step title="Configure git server" date="2026-02-24T07:11:13.442" >
        <step title="Executing external process" date="2026-02-24T07:11:13.445" type="process" path="git" arguments="config receive.denyCurrentBranch ignore" /><!-- duration: 25ms -->
      </step><!-- duration: 41ms -->
      <step title="Create deny users for .git folder" date="2026-02-24T07:11:13.486" /><!-- duration: 29ms -->
      <step title="Configure git-credential" date="2026-02-24T07:11:13.517" >
        <step title="Executing external process" date="2026-02-24T07:11:13.558" type="process" path="git" arguments="config credential.helper &quot;!&apos;/home/site/repository/.git/hooks/git-credential-invalid.sh&apos;&quot;" /><!-- duration: 15ms -->
      </step><!-- duration: 59ms -->
      <step title="Setup post receive hook" date="2026-02-24T07:11:13.579" >
        <step title="Non-Windows enviroment, granting 755 permission to post-receive hook file" date="2026-02-24T07:11:13.599" /><!-- duration: 18ms -->
      </step><!-- duration: 42ms -->
    </step><!-- duration: 639ms -->
    <step title="Executing external process" date="2026-02-24T07:11:13.631" type="process" path="git" arguments="log -n 1 master --" >
      <step title="Process dump" date="2026-02-24T07:11:13.654" exitCode="128" type="processOutput" /><!-- duration: 3ms -->
    </step><!-- duration: 29ms -->
    <step title="Start deployment in the background" date="2026-02-24T07:11:13.672" >
      <step title="Executing external process" date="2026-02-24T07:11:13.693" type="process" path="git" arguments="rev-parse --git-dir" /><!-- duration: 18ms -->
      <step title="Executing external process" date="2026-02-24T07:11:13.717" type="process" path="git" arguments="rev-parse --git-dir" /><!-- duration: 20ms -->
      <step title="Executing external process" date="2026-02-24T07:11:13.760" type="process" path="git" arguments="log -n 1 master --" >
        <step title="Process dump" date="2026-02-24T07:11:13.783" exitCode="128" type="processOutput" /><!-- duration: 3ms -->
      </step><!-- duration: 31ms -->
      <step title="Acquiring Deployment Lock" date="2026-02-24T07:11:13.794" /><!-- duration: 3ms -->
      <step title="Acquired Deployment Lock" date="2026-02-24T07:11:13.828" /><!-- duration: 3ms -->
    </step><!-- duration: 215ms -->
  </step><!-- duration: 1140ms -->
  <step title="Outgoing response" date="2026-02-24T07:11:13.894" type="response" statusCode="202" statusText="Accepted" /><!-- duration: 3ms -->
</step><!-- duration: 1277ms -->
