<step title="Incoming Request" date="2026-02-23T19:03:06.028" instance="c8e42a" url="/api/publish?async=true&amp;deployer=GITHUB_ONE_DEPLOY&amp;type=zip&amp;message=%7B%22type%22%3A%22deployment%22%2C%22sha%22%3A%220664a1d644a19b109a2f2d0fe597d96d8d7abdb2%22%2C%22repoName%22%3A%22MorokaPrince%2FKholo-May_Boutique%22%2C%22actor%22%3A%22MorokaPrince%22%2C%22slotName%22%3A%22Production%22%2C%22commitMessage%22%3A%22Merge%20branch%20%27main%27%20of%20https%3A%2F%2Fgithub.com%2FMorokaPrince%2FKholo-May_Boutique%22%7D" method="POST" type="request" pid="833,1,23" Host="kholo-may-boutique.scm.azurewebsites.net" User-Agent="GITHUBACTIONS_DeployWebAppToAzure_18fab4e0fe05a7107e4bbad74201faccf5554886db050fe096de485e629b71eb" Authorization="Bea..." Content-Type="application/octet-stream" Cookie="ARRAffinity=c8e42a2e9282e266f7f8208800e3f3003a7d6e8149859585d969c3187d57e418;Path=/;HttpOnly;Secure;Domain=kholo-may-boutique.scm.azurewebsites.net; ARRAffinitySameSite=c8e42a2e9282e266f7f8208800e3f3003a7d6e8149859585d969c3187d57e418;Path=/;HttpOnly;SameSite=None;Secure;Domain=kholo-may-boutique.scm.azurewebsites.net" Transfer-Encoding="chunked" X-ARR-LOG-ID="16876c99-2eb8-4648-9c19-466eb353fbaa" CLIENT-IP="52.157.2.241:61452" X-SITE-DEPLOYMENT-ID="kholo-may-boutique" WAS-DEFAULT-HOSTNAME="kholo-may-boutique.scm.azurewebsites.net" X-Forwarded-Proto="https" X-AppService-Proto="https" X-Forwarded-TlsVersion="1.3" X-WAWS-Unencoded-URL="/api/publish?async=true&amp;deployer=GITHUB_ONE_DEPLOY&amp;type=zip&amp;message=%7B%22type%22%3A%22deployment%22%2C%22sha%22%3A%220664a1d644a19b109a2f2d0fe597d96d8d7abdb2%22%2C%22repoName%22%3A%22MorokaPrince%2FKholo-May_Boutique%22%2C%22actor%22%3A%22MorokaPrince%22%2C%22slotName%22%3A%22Production%22%2C%22commitMessage%22%3A%22Merge%20branch%20%27main%27%20of%20https%3A%2F%2Fgithub.com%2FMorokaPrince%2FKholo-May_Boutique%22%7D" X-Client-IP="52.157.2.241" X-Client-Port="61452" >
  <step title="Cleanup Xml Logs" date="2026-02-23T19:03:06.041" /><!-- duration: 28ms -->
  <step title="OneDeploy" date="2026-02-23T19:03:06.149" >
    <step title="Starting PushDeployAsync" date="2026-02-23T19:03:06.271" /><!-- duration: 32ms -->
    <step title="Writing artifact to /tmp/zipdeploy/11eaf63a-df9f-4116-94c5-647a9c440920.zip" date="2026-02-23T19:03:06.401" >
      <step title="Writing multipart request body to /tmp/zipdeploy/11eaf63a-df9f-4116-94c5-647a9c440920.zip" date="2026-02-23T19:03:06.416" /><!-- duration: 36ms -->
    </step><!-- duration: 16340ms -->
    <step title="Start deployment in the background" date="2026-02-23T19:03:22.760" >
      <step title="Acquiring Deployment Lock" date="2026-02-23T19:03:22.796" /><!-- duration: 22ms -->
      <step title="Acquired Deployment Lock" date="2026-02-23T19:03:22.864" /><!-- duration: 4ms -->
    </step><!-- duration: 229ms -->
  </step><!-- duration: 16868ms -->
  <step title="Outgoing response" date="2026-02-23T19:03:23.046" type="response" statusCode="202" statusText="Accepted" /><!-- duration: 12ms -->
</step><!-- duration: 17040ms -->
