<step title="Incoming Request" date="2026-02-24T06:59:13.191" instance="c8e42a" url="/api/deployments/latest?deployer=OneDeploy&amp;time=2026-02-24_06-55-22Z" method="GET" type="request" pid="833,1,17" Host="kholo-may-boutique.scm.azurewebsites.net" User-Agent="GITHUBACTIONS_DeployWebAppToAzure_18fab4e0fe05a7107e4bbad74201faccf5554886db050fe096de485e629b71eb" Authorization="Bea..." Content-Type="application/json; charset=utf-8" Cookie="ARRAffinity=c8e42a2e9282e266f7f8208800e3f3003a7d6e8149859585d969c3187d57e418;Path=/;HttpOnly;Secure;Domain=kholo-may-boutique.scm.azurewebsites.net; ARRAffinitySameSite=c8e42a2e9282e266f7f8208800e3f3003a7d6e8149859585d969c3187d57e418;Path=/;HttpOnly;SameSite=None;Secure;Domain=kholo-may-boutique.scm.azurewebsites.net" Content-Length="0" X-ARR-LOG-ID="c0d75641-3ed4-41ef-b842-839e3cd9f622" CLIENT-IP="52.225.29.96:58329" X-SITE-DEPLOYMENT-ID="kholo-may-boutique" WAS-DEFAULT-HOSTNAME="kholo-may-boutique.scm.azurewebsites.net" X-Forwarded-Proto="https" X-AppService-Proto="https" X-Forwarded-TlsVersion="1.3" X-WAWS-Unencoded-URL="/api/deployments/latest?deployer=OneDeploy&amp;time=2026-02-24_06-55-22Z" X-Client-IP="52.225.29.96" X-Client-Port="58329" >
  <step title="Cleanup Xml Logs" date="2026-02-24T06:59:13.201" >
    <step title="Cleanup Infos" date="2026-02-24T06:59:13.234" totalFiles="391" totalCleanup="231" /><!-- duration: 19ms -->
  </step><!-- duration: 62ms -->
  <step title="DeploymentService.GetResult" date="2026-02-24T06:59:13.292" >
    <step title="DeploymentService.GetLatestDeployment" date="2026-02-24T06:59:13.303" >
      <step title="DeploymentManager.GetResults" date="2026-02-24T06:59:13.324" /><!-- duration: 997ms -->
    </step><!-- duration: 1058ms -->
  </step><!-- duration: 1078ms -->
  <step title="Outgoing response" date="2026-02-24T06:59:14.419" type="response" statusCode="202" statusText="Accepted" /><!-- duration: 40ms -->
</step><!-- duration: 1289ms -->
