<step title="Incoming Request" date="2026-02-24T06:45:47.039" instance="c8e42a" url="/api/deployments/latest?deployer=OneDeploy&amp;time=2026-02-24_06-44-43Z" method="GET" type="request" pid="833,1,15" Host="kholo-may-boutique.scm.azurewebsites.net" User-Agent="GITHUBACTIONS_DeployWebAppToAzure_18fab4e0fe05a7107e4bbad74201faccf5554886db050fe096de485e629b71eb" Authorization="Bea..." Content-Type="application/json; charset=utf-8" Cookie="ARRAffinity=c8e42a2e9282e266f7f8208800e3f3003a7d6e8149859585d969c3187d57e418;Path=/;HttpOnly;Secure;Domain=kholo-may-boutique.scm.azurewebsites.net; ARRAffinitySameSite=c8e42a2e9282e266f7f8208800e3f3003a7d6e8149859585d969c3187d57e418;Path=/;HttpOnly;SameSite=None;Secure;Domain=kholo-may-boutique.scm.azurewebsites.net" Content-Length="0" X-ARR-LOG-ID="04d3e5d1-1194-46b0-9e41-322a00a044f0" CLIENT-IP="20.161.58.226:44032" X-SITE-DEPLOYMENT-ID="kholo-may-boutique" WAS-DEFAULT-HOSTNAME="kholo-may-boutique.scm.azurewebsites.net" X-Forwarded-Proto="https" X-AppService-Proto="https" X-Forwarded-TlsVersion="1.3" X-WAWS-Unencoded-URL="/api/deployments/latest?deployer=OneDeploy&amp;time=2026-02-24_06-44-43Z" X-Client-IP="20.161.58.226" X-Client-Port="44032" >
  <step title="Cleanup Xml Logs" date="2026-02-24T06:45:47.048" >
    <step title="Cleanup Infos" date="2026-02-24T06:45:47.099" totalFiles="330" totalCleanup="170" /><!-- duration: 31ms -->
  </step><!-- duration: 92ms -->
  <step title="DeploymentService.GetResult" date="2026-02-24T06:45:47.179" >
    <step title="DeploymentService.GetLatestDeployment" date="2026-02-24T06:45:47.188" >
      <step title="DeploymentManager.GetResults" date="2026-02-24T06:45:47.199" /><!-- duration: 974ms -->
    </step><!-- duration: 1015ms -->
  </step><!-- duration: 1044ms -->
  <step title="Outgoing response" date="2026-02-24T06:45:48.256" type="response" statusCode="202" statusText="Accepted" /><!-- duration: 28ms -->
</step><!-- duration: 1255ms -->
