<step title="Incoming Request" date="2026-02-24T07:04:09.344" instance="c8e42a" url="/api/deployments/latest?deployer=OneDeploy&amp;time=2026-02-24_07-00-28Z" method="GET" type="request" pid="833,1,24" Host="kholo-may-boutique.scm.azurewebsites.net" User-Agent="GITHUBACTIONS_DeployWebAppToAzure_18fab4e0fe05a7107e4bbad74201faccf5554886db050fe096de485e629b71eb" Authorization="Bea..." Content-Type="application/json; charset=utf-8" Cookie="ARRAffinity=c8e42a2e9282e266f7f8208800e3f3003a7d6e8149859585d969c3187d57e418;Path=/;HttpOnly;Secure;Domain=kholo-may-boutique.scm.azurewebsites.net; ARRAffinitySameSite=c8e42a2e9282e266f7f8208800e3f3003a7d6e8149859585d969c3187d57e418;Path=/;HttpOnly;SameSite=None;Secure;Domain=kholo-may-boutique.scm.azurewebsites.net" Content-Length="0" X-ARR-LOG-ID="f6b587c1-1fcc-4517-bb03-2c237d30fb2e" CLIENT-IP="52.242.243.97:55257" X-SITE-DEPLOYMENT-ID="kholo-may-boutique" WAS-DEFAULT-HOSTNAME="kholo-may-boutique.scm.azurewebsites.net" X-Forwarded-Proto="https" X-AppService-Proto="https" X-Forwarded-TlsVersion="1.3" X-WAWS-Unencoded-URL="/api/deployments/latest?deployer=OneDeploy&amp;time=2026-02-24_07-00-28Z" X-Client-IP="52.242.243.97" X-Client-Port="55257" >
  <step title="Cleanup Xml Logs" date="2026-02-24T07:04:09.354" >
    <step title="Cleanup Infos" date="2026-02-24T07:04:09.443" totalFiles="427" totalCleanup="267" /><!-- duration: 42ms -->
  </step><!-- duration: 149ms -->
  <step title="DeploymentService.GetResult" date="2026-02-24T07:04:09.534" >
    <step title="DeploymentService.GetLatestDeployment" date="2026-02-24T07:04:09.552" >
      <step title="DeploymentManager.GetResults" date="2026-02-24T07:04:09.563" /><!-- duration: 1145ms -->
    </step><!-- duration: 1177ms -->
  </step><!-- duration: 1206ms -->
  <step title="Outgoing response" date="2026-02-24T07:04:10.778" type="response" statusCode="202" statusText="Accepted" /><!-- duration: 11ms -->
</step><!-- duration: 1456ms -->
