<step title="Incoming Request" date="2026-02-24T06:44:28.432" instance="c8e42a" url="/api/publish?async=true&amp;deployer=GITHUB_ONE_DEPLOY&amp;type=zip&amp;message=%7B%22type%22%3A%22deployment%22%2C%22sha%22%3A%22d787db3c4e1834d26f7c6986c3e12d4fb1942130%22%2C%22repoName%22%3A%22MorokaPrince%2FKholo-May_Boutique%22%2C%22actor%22%3A%22MorokaPrince%22%2C%22slotName%22%3A%22Production%22%2C%22commitMessage%22%3A%22fix(server)%3A%20copy%20static%20and%20public%20files%20for%20standalone%20deployment%5Cn%5CnAdd%20debug%20logging%20to%20track%20server%20startup%20paths%20and%20directory%20changes.%5CnCopy%20.next%2Fstatic%20and%20public%20folders%20to%20the%20standalone%20directory%20to%5Cnensure%20assets%20are%20available%20when%20running%20the%20standalone%20server.%22%7D" method="POST" type="request" pid="833,1,16" Host="kholo-may-boutique.scm.azurewebsites.net" User-Agent="GITHUBACTIONS_DeployWebAppToAzure_18fab4e0fe05a7107e4bbad74201faccf5554886db050fe096de485e629b71eb" Authorization="Bea..." Content-Type="application/octet-stream" Cookie="ARRAffinity=c8e42a2e9282e266f7f8208800e3f3003a7d6e8149859585d969c3187d57e418;Path=/;HttpOnly;Secure;Domain=kholo-may-boutique.scm.azurewebsites.net; ARRAffinitySameSite=c8e42a2e9282e266f7f8208800e3f3003a7d6e8149859585d969c3187d57e418;Path=/;HttpOnly;SameSite=None;Secure;Domain=kholo-may-boutique.scm.azurewebsites.net" Transfer-Encoding="chunked" X-ARR-LOG-ID="1c1dea94-6caa-4803-9e4f-1a17fa502ad1" CLIENT-IP="20.161.58.226:44032" X-SITE-DEPLOYMENT-ID="kholo-may-boutique" WAS-DEFAULT-HOSTNAME="kholo-may-boutique.scm.azurewebsites.net" X-Forwarded-Proto="https" X-AppService-Proto="https" X-Forwarded-TlsVersion="1.3" X-WAWS-Unencoded-URL="/api/publish?async=true&amp;deployer=GITHUB_ONE_DEPLOY&amp;type=zip&amp;message=%7B%22type%22%3A%22deployment%22%2C%22sha%22%3A%22d787db3c4e1834d26f7c6986c3e12d4fb1942130%22%2C%22repoName%22%3A%22MorokaPrince%2FKholo-May_Boutique%22%2C%22actor%22%3A%22MorokaPrince%22%2C%22slotName%22%3A%22Production%22%2C%22commitMessage%22%3A%22fix(server)%3A%20copy%20static%20and%20public%20files%20for%20standalone%20deployment%5Cn%5CnAdd%20debug%20logging%20to%20track%20server%20startup%20paths%20and%20directory%20changes.%5CnCopy%20.next%2Fstatic%20and%20public%20folders%20to%20the%20standalone%20directory%20to%5Cnensure%20assets%20are%20available%20when%20running%20the%20standalone%20server.%22%7D" X-Client-IP="20.161.58.226" X-Client-Port="44032" >
  <step title="Cleanup Xml Logs" date="2026-02-24T06:44:28.451" >
    <step title="Cleanup Infos" date="2026-02-24T06:44:28.537" totalFiles="320" totalCleanup="160" /><!-- duration: 19ms -->
  </step><!-- duration: 117ms -->
  <step title="OneDeploy" date="2026-02-24T06:44:28.857" >
    <step title="None repository commit" date="2026-02-24T06:44:28.974" >
      <step title="Commit id: de9c410d-bc48-4e51-befe-69e5bbe50bde" date="2026-02-24T06:44:28.994" Message="N/A" AuthorName="N/A" AuthorEmail="N/A" /><!-- duration: 26ms -->
    </step><!-- duration: 56ms -->
    <step title="Starting PushDeployAsync" date="2026-02-24T06:44:29.051" /><!-- duration: 18ms -->
    <step title="Writing artifact to /tmp/zipdeploy/c271555e-23dc-4706-8662-c6f27adae42b.zip" date="2026-02-24T06:44:29.173" >
      <step title="Writing multipart request body to /tmp/zipdeploy/c271555e-23dc-4706-8662-c6f27adae42b.zip" date="2026-02-24T06:44:29.183" /><!-- duration: 11ms -->
    </step><!-- duration: 13597ms -->
    <step title="Start deployment in the background" date="2026-02-24T06:44:42.795" >
      <step title="Acquiring Deployment Lock" date="2026-02-24T06:44:42.879" /><!-- duration: 3ms -->
      <step title="Acquired Deployment Lock" date="2026-02-24T06:44:42.938" /><!-- duration: 13ms -->
    </step><!-- duration: 257ms -->
  </step><!-- duration: 14210ms -->
  <step title="Outgoing response" date="2026-02-24T06:44:43.085" type="response" statusCode="202" statusText="Accepted" /><!-- duration: 3ms -->
</step><!-- duration: 14659ms -->
