<step title="Incoming Request" date="2026-02-23T21:48:37.549" instance="c8e42a" url="/api/deployments/latest?deployer=OneDeploy&amp;time=2026-02-23_21-46-58Z" method="GET" type="request" pid="833,1,64" Host="kholo-may-boutique.scm.azurewebsites.net" User-Agent="GITHUBACTIONS_DeployWebAppToAzure_18fab4e0fe05a7107e4bbad74201faccf5554886db050fe096de485e629b71eb" Authorization="Bea..." Content-Type="application/json; charset=utf-8" Cookie="ARRAffinity=c8e42a2e9282e266f7f8208800e3f3003a7d6e8149859585d969c3187d57e418;Path=/;HttpOnly;Secure;Domain=kholo-may-boutique.scm.azurewebsites.net; ARRAffinitySameSite=c8e42a2e9282e266f7f8208800e3f3003a7d6e8149859585d969c3187d57e418;Path=/;HttpOnly;SameSite=None;Secure;Domain=kholo-may-boutique.scm.azurewebsites.net" Content-Length="0" X-ARR-LOG-ID="74bd4d1a-6455-4405-bd7b-4b199a73e649" CLIENT-IP="135.232.216.53:18492" X-SITE-DEPLOYMENT-ID="kholo-may-boutique" WAS-DEFAULT-HOSTNAME="kholo-may-boutique.scm.azurewebsites.net" X-Forwarded-Proto="https" X-AppService-Proto="https" X-Forwarded-TlsVersion="1.3" X-WAWS-Unencoded-URL="/api/deployments/latest?deployer=OneDeploy&amp;time=2026-02-23_21-46-58Z" X-Client-IP="135.232.216.53" X-Client-Port="18492" >
  <step title="Cleanup Xml Logs" date="2026-02-23T21:48:37.598" >
    <step title="Cleanup Infos" date="2026-02-23T21:48:37.710" totalFiles="280" totalCleanup="120" /><!-- duration: 42ms -->
  </step><!-- duration: 232ms -->
  <step title="DeploymentService.GetResult" date="2026-02-23T21:48:37.873" >
    <step title="DeploymentService.GetLatestDeployment" date="2026-02-23T21:48:37.960" >
      <step title="DeploymentManager.GetResults" date="2026-02-23T21:48:37.992" /><!-- duration: 1167ms -->
    </step><!-- duration: 1228ms -->
  </step><!-- duration: 1346ms -->
  <step title="Outgoing response" date="2026-02-23T21:48:39.241" type="response" statusCode="202" statusText="Accepted" /><!-- duration: 17ms -->
</step><!-- duration: 1720ms -->
