<step title="Incoming Request" date="2026-02-24T07:03:38.668" instance="c8e42a" url="/api/deployments/latest?deployer=OneDeploy&amp;time=2026-02-24_07-00-28Z" method="GET" type="request" pid="833,1,26" Host="kholo-may-boutique.scm.azurewebsites.net" User-Agent="GITHUBACTIONS_DeployWebAppToAzure_18fab4e0fe05a7107e4bbad74201faccf5554886db050fe096de485e629b71eb" Authorization="Bea..." Content-Type="application/json; charset=utf-8" Cookie="ARRAffinity=c8e42a2e9282e266f7f8208800e3f3003a7d6e8149859585d969c3187d57e418;Path=/;HttpOnly;Secure;Domain=kholo-may-boutique.scm.azurewebsites.net; ARRAffinitySameSite=c8e42a2e9282e266f7f8208800e3f3003a7d6e8149859585d969c3187d57e418;Path=/;HttpOnly;SameSite=None;Secure;Domain=kholo-may-boutique.scm.azurewebsites.net" Content-Length="0" X-ARR-LOG-ID="94154290-b626-4885-b8ec-f2ef1b173810" CLIENT-IP="52.242.243.97:55254" X-SITE-DEPLOYMENT-ID="kholo-may-boutique" WAS-DEFAULT-HOSTNAME="kholo-may-boutique.scm.azurewebsites.net" X-Forwarded-Proto="https" X-AppService-Proto="https" X-Forwarded-TlsVersion="1.3" X-WAWS-Unencoded-URL="/api/deployments/latest?deployer=OneDeploy&amp;time=2026-02-24_07-00-28Z" X-Client-IP="52.242.243.97" X-Client-Port="55254" >
  <step title="Cleanup Xml Logs" date="2026-02-24T07:03:38.678" >
    <step title="Cleanup Infos" date="2026-02-24T07:03:38.719" totalFiles="423" totalCleanup="263" /><!-- duration: 20ms -->
  </step><!-- duration: 88ms -->
  <step title="DeploymentService.GetResult" date="2026-02-24T07:03:38.786" >
    <step title="DeploymentService.GetLatestDeployment" date="2026-02-24T07:03:38.795" >
      <step title="DeploymentManager.GetResults" date="2026-02-24T07:03:38.825" /><!-- duration: 1221ms -->
    </step><!-- duration: 1289ms -->
  </step><!-- duration: 1320ms -->
  <step title="Outgoing response" date="2026-02-24T07:03:40.136" type="response" statusCode="202" statusText="Accepted" /><!-- duration: 11ms -->
</step><!-- duration: 1488ms -->
