<step title="Incoming Request" date="2026-02-24T07:24:50.745" instance="c8e42a" url="/api/deployments/latest?deployer=OneDeploy&amp;time=2026-02-24_07-22-11Z" method="GET" type="request" pid="833,1,34" Host="kholo-may-boutique.scm.azurewebsites.net" User-Agent="GITHUBACTIONS_DeployWebAppToAzure_18fab4e0fe05a7107e4bbad74201faccf5554886db050fe096de485e629b71eb" Authorization="Bea..." Content-Type="application/json; charset=utf-8" Cookie="ARRAffinity=c8e42a2e9282e266f7f8208800e3f3003a7d6e8149859585d969c3187d57e418;Path=/;HttpOnly;Secure;Domain=kholo-may-boutique.scm.azurewebsites.net; ARRAffinitySameSite=c8e42a2e9282e266f7f8208800e3f3003a7d6e8149859585d969c3187d57e418;Path=/;HttpOnly;SameSite=None;Secure;Domain=kholo-may-boutique.scm.azurewebsites.net" Content-Length="0" X-ARR-LOG-ID="7545efd9-276d-49fa-9528-140552cf2f97" CLIENT-IP="64.236.140.181:18467" X-SITE-DEPLOYMENT-ID="kholo-may-boutique" WAS-DEFAULT-HOSTNAME="kholo-may-boutique.scm.azurewebsites.net" X-Forwarded-Proto="https" X-AppService-Proto="https" X-Forwarded-TlsVersion="1.3" X-WAWS-Unencoded-URL="/api/deployments/latest?deployer=OneDeploy&amp;time=2026-02-24_07-22-11Z" X-Client-IP="64.236.140.181" X-Client-Port="18467" >
  <step title="Cleanup Xml Logs" date="2026-02-24T07:24:50.754" >
    <step title="Cleanup Infos" date="2026-02-24T07:24:50.795" totalFiles="466" totalCleanup="306" /><!-- duration: 12ms -->
  </step><!-- duration: 81ms -->
  <step title="DeploymentService.GetResult" date="2026-02-24T07:24:50.877" >
    <step title="DeploymentService.GetLatestDeployment" date="2026-02-24T07:24:50.886" >
      <step title="DeploymentManager.GetResults" date="2026-02-24T07:24:50.896" /><!-- duration: 945ms -->
    </step><!-- duration: 975ms -->
  </step><!-- duration: 995ms -->
  <step title="Outgoing response" date="2026-02-24T07:24:51.890" type="response" statusCode="202" statusText="Accepted" /><!-- duration: 11ms -->
</step><!-- duration: 1167ms -->
