<step title="BackgroundTrace" date="2026-02-23T18:58:32.516" instance="c8e42a" url="/api/publish" method="POST" >
  <step title="Cleanup Xml Logs" date="2026-02-23T18:58:32.539" /><!-- duration: 20ms -->
  <step title="Creating temporary deployment - FetchDeploymentManager" date="2026-02-23T18:58:32.664" /><!-- duration: 34ms -->
  <step title="Creating temporary deployment" date="2026-02-23T18:58:32.706" /><!-- duration: 79ms -->
  <step title="Performing fetch based deployment" date="2026-02-23T18:58:32.840" >
    <step title="Cleaning up temp folders from previous zip deployments and extracting pushed zip file /tmp/zipdeploy/0ff448eb-f19e-4c4f-a5eb-9dfabe01eb98.zip (193.76 MB) to /tmp/zipdeploy/extracted" date="2026-02-23T18:58:34.190" >
      <step title="ChmodRecursive Process exited with total time taken in ms: 864" date="2026-02-23T18:59:08.092" /><!-- duration: 6ms -->
    </step><!-- duration: 33914ms -->
    <step title="Deployment timer started" date="2026-02-23T18:59:10.125" >
      <step title="DeploymentManager.Deploy(id:e7ef9d38-3918-4178-9b9b-7259a7c936f2)" date="2026-02-23T18:59:10.135" >
        <step title="Collecting changeset information" date="2026-02-23T18:59:10.167" /><!-- duration: 135ms -->
        <step title="Updating submodules" date="2026-02-23T18:59:10.309" /><!-- duration: 1163ms -->
        <step title="Determining deployment builder" date="2026-02-23T18:59:11.740" >
          <step title="Builder is OneDeployBuilder" date="2026-02-23T18:59:11.806" /><!-- duration: 36ms -->
        </step><!-- duration: 107ms -->
        <step title="PreDeployment: context.CleanOutputPath False" date="2026-02-23T18:59:11.918" >
          <step title="PreDeployment: context.OutputPath /home/site/wwwroot" date="2026-02-23T18:59:12.075" >
            <step title="Building" date="2026-02-23T18:59:12.236" >
              <step title="Executing external process" date="2026-02-23T18:59:13.030" type="process" path="starter.sh" arguments="/opt/Kudu/Scripts/absoluteTar.sh /tmp/zipdeploy/extracted/node_modules /tmp/zipdeploy/extracted/node_modules.tar.gz" >
                <step title="Cpu: gzip(910,40.700s)+sh(909,0.000s)+tar(908,3.300s)+absoluteTar.sh(907,0.020s)=total(44.010s)" date="2026-02-23T19:00:13.691" /><!-- duration: 30ms -->
                <step title="starter.sh: no io activity for 61s, prev-cpu=-1.000s, current-cpu=44.010s" date="2026-02-23T19:00:13.740" /><!-- duration: 22ms -->
                <step title="Cpu: gzip(910,65.800s)+sh(909,0.000s)+tar(908,4.010s)+absoluteTar.sh(907,0.020s)=total(69.830s)" date="2026-02-23T19:01:14.756" /><!-- duration: 120ms -->
                <step title="starter.sh: no io activity for 121s, prev-cpu=44.010s, current-cpu=69.830s" date="2026-02-23T19:01:15.169" /><!-- duration: 38ms -->
                <step title="Cpu: gzip(910,81.020s)+sh(909,0.000s)+tar(908,4.460s)+absoluteTar.sh(907,0.020s)=total(85.500s)" date="2026-02-23T19:02:16.303" /><!-- duration: 32ms -->
                <step title="starter.sh: no io activity for 183s, prev-cpu=69.830s, current-cpu=85.500s" date="2026-02-23T19:02:16.354" /><!-- duration: 21ms -->
              </step><!-- duration: 219228ms -->
              <step title="Executing external process" date="2026-02-23T19:02:52.635" type="process" path="starter.sh" arguments="/opt/Kudu/Scripts/parallel_rsync.sh /tmp/zipdeploy/extracted /home/site/wwwroot 8 /tmp/ False False node_modules " /><!-- duration: 13896ms -->
              <step title="Modified file to trigger a restart of the app container." date="2026-02-23T19:03:07.689" /><!-- duration: 14ms -->
              <step title="Skip function trigger and logicapp sync because function is not enabled." date="2026-02-23T19:03:07.719" /><!-- duration: 48ms -->
              <step title="Purge deployment items" date="2026-02-23T19:03:09.407" >
                <step title="Remove temp-8242, Pending, received at 02/23/2026 18:58:32" date="2026-02-23T19:03:09.757" /><!-- duration: 5ms -->
                <step title="Remove temp-0e5b, Pending, received at 02/23/2026 18:49:00" date="2026-02-23T19:03:09.823" /><!-- duration: 8ms -->
                <step title="Remove 4dac70f0-, Failed, received at 02/23/2026 18:32:16" date="2026-02-23T19:03:09.934" /><!-- duration: 20ms -->
              </step><!-- duration: 558ms -->
            </step><!-- duration: 237864ms -->
          </step><!-- duration: 238039ms -->
          <step title="Cleaning up temp files" date="2026-02-23T19:03:10.129" /><!-- duration: 21ms -->
          <step title="Cleaning up temp files" date="2026-02-23T19:03:10.198" /><!-- duration: 601ms -->
          <step title="Reloading status file with latest updates" date="2026-02-23T19:03:10.889" >
            <step title="WebHooksManager.PublishEventAsync: PostDeployment" date="2026-02-23T19:03:10.898" /><!-- duration: 142ms -->
          </step><!-- duration: 173ms -->
          <step title="Cleaning up temporary deployment - fetch deployment was successful" date="2026-02-23T19:03:11.122" /><!-- duration: 19ms -->
        </step><!-- duration: 239263ms -->
      </step><!-- duration: 241064ms -->
