<step title="Incoming Request" date="2026-02-24T06:57:00.168" instance="c8e42a" url="/api/deployments/latest?deployer=OneDeploy&amp;time=2026-02-24_06-55-22Z" method="GET" type="request" pid="833,1,28" Host="kholo-may-boutique.scm.azurewebsites.net" User-Agent="GITHUBACTIONS_DeployWebAppToAzure_18fab4e0fe05a7107e4bbad74201faccf5554886db050fe096de485e629b71eb" Authorization="Bea..." Content-Type="application/json; charset=utf-8" Cookie="ARRAffinity=c8e42a2e9282e266f7f8208800e3f3003a7d6e8149859585d969c3187d57e418;Path=/;HttpOnly;Secure;Domain=kholo-may-boutique.scm.azurewebsites.net; ARRAffinitySameSite=c8e42a2e9282e266f7f8208800e3f3003a7d6e8149859585d969c3187d57e418;Path=/;HttpOnly;SameSite=None;Secure;Domain=kholo-may-boutique.scm.azurewebsites.net" Content-Length="0" X-ARR-LOG-ID="a2c9be46-f59e-4caa-ae2c-e7c8e6312426" CLIENT-IP="52.225.29.96:58315" X-SITE-DEPLOYMENT-ID="kholo-may-boutique" WAS-DEFAULT-HOSTNAME="kholo-may-boutique.scm.azurewebsites.net" X-Forwarded-Proto="https" X-AppService-Proto="https" X-Forwarded-TlsVersion="1.3" X-WAWS-Unencoded-URL="/api/deployments/latest?deployer=OneDeploy&amp;time=2026-02-24_06-55-22Z" X-Client-IP="52.225.29.96" X-Client-Port="58315" >
  <step title="Cleanup Xml Logs" date="2026-02-24T06:57:00.178" >
    <step title="Cleanup Infos" date="2026-02-24T06:57:00.209" totalFiles="367" totalCleanup="207" /><!-- duration: 10ms -->
  </step><!-- duration: 44ms -->
  <step title="DeploymentService.GetResult" date="2026-02-24T06:57:00.238" >
    <step title="DeploymentService.GetLatestDeployment" date="2026-02-24T06:57:00.241" >
      <step title="DeploymentManager.GetResults" date="2026-02-24T06:57:00.250" /><!-- duration: 913ms -->
    </step><!-- duration: 932ms -->
  </step><!-- duration: 964ms -->
  <step title="Outgoing response" date="2026-02-24T06:57:01.211" type="response" statusCode="202" statusText="Accepted" /><!-- duration: 19ms -->
</step><!-- duration: 1073ms -->
