<step title="Incoming Request" date="2026-02-23T21:48:45.270" instance="c8e42a" url="/api/deployments/latest?deployer=OneDeploy&amp;time=2026-02-23_21-46-58Z" method="GET" type="request" pid="833,1,64" Host="kholo-may-boutique.scm.azurewebsites.net" User-Agent="GITHUBACTIONS_DeployWebAppToAzure_18fab4e0fe05a7107e4bbad74201faccf5554886db050fe096de485e629b71eb" Authorization="Bea..." Content-Type="application/json; charset=utf-8" Cookie="ARRAffinity=c8e42a2e9282e266f7f8208800e3f3003a7d6e8149859585d969c3187d57e418;Path=/;HttpOnly;Secure;Domain=kholo-may-boutique.scm.azurewebsites.net; ARRAffinitySameSite=c8e42a2e9282e266f7f8208800e3f3003a7d6e8149859585d969c3187d57e418;Path=/;HttpOnly;SameSite=None;Secure;Domain=kholo-may-boutique.scm.azurewebsites.net" Content-Length="0" X-ARR-LOG-ID="9ac4ef72-61d4-4bf6-9536-fe06875d6894" CLIENT-IP="135.232.216.53:18493" X-SITE-DEPLOYMENT-ID="kholo-may-boutique" WAS-DEFAULT-HOSTNAME="kholo-may-boutique.scm.azurewebsites.net" X-Forwarded-Proto="https" X-AppService-Proto="https" X-Forwarded-TlsVersion="1.3" X-WAWS-Unencoded-URL="/api/deployments/latest?deployer=OneDeploy&amp;time=2026-02-23_21-46-58Z" X-Client-IP="135.232.216.53" X-Client-Port="18493" >
  <step title="Cleanup Xml Logs" date="2026-02-23T21:48:45.279" >
    <step title="Cleanup Infos" date="2026-02-23T21:48:45.319" totalFiles="281" totalCleanup="121" /><!-- duration: 31ms -->
  </step><!-- duration: 88ms -->
  <step title="DeploymentService.GetResult" date="2026-02-23T21:48:45.398" >
    <step title="DeploymentService.GetLatestDeployment" date="2026-02-23T21:48:45.411" >
      <step title="DeploymentManager.GetResults" date="2026-02-23T21:48:45.459" /><!-- duration: 977ms -->
    </step><!-- duration: 1074ms -->
  </step><!-- duration: 1115ms -->
  <step title="Outgoing response" date="2026-02-23T21:48:46.535" type="response" statusCode="202" statusText="Accepted" /><!-- duration: 19ms -->
</step><!-- duration: 1305ms -->
