<step title="BackgroundTrace" date="2026-02-24T06:39:50.381" instance="c8e42a" url="/api/zipdeploy" method="POST" >
  <step title="Cleanup Xml Logs" date="2026-02-24T06:39:50.385" >
    <step title="Cleanup Infos" date="2026-02-24T06:39:50.399" totalFiles="312" totalCleanup="152" /><!-- duration: 6ms -->
  </step><!-- duration: 23ms -->
  <step title="Creating temporary deployment - FetchDeploymentManager" date="2026-02-24T06:39:50.469" /><!-- duration: 4ms -->
  <step title="Creating temporary deployment" date="2026-02-24T06:39:50.478" /><!-- duration: 104ms -->
  <step title="Performing fetch based deployment" date="2026-02-24T06:39:50.628" >
    <step title="Cleaning up temp folders from previous zip deployments and extracting pushed zip file /tmp/zipdeploy/934e526a-882c-4dd3-9e8e-937d9eccb5af.zip (23.79 MB) to /tmp/zipdeploy/extracted" date="2026-02-24T06:39:51.783" >
      <step title="ChmodRecursive Process exited with total time taken in ms: 151" date="2026-02-24T06:39:54.971" /><!-- duration: 16ms -->
    </step><!-- duration: 3209ms -->
    <step title="Deployment timer started" date="2026-02-24T06:39:57.025" >
      <step title="DeploymentManager.Deploy(id:5b25dde5-f203-46bd-8cea-a6050f48539f)" date="2026-02-24T06:39:57.042" >
        <step title="Collecting changeset information" date="2026-02-24T06:39:57.095" /><!-- duration: 380ms -->
        <step title="Updating submodules" date="2026-02-24T06:39:57.482" /><!-- duration: 1117ms -->
        <step title="Determining deployment builder" date="2026-02-24T06:39:58.812" >
          <step title="Builder is BasicBuilder" date="2026-02-24T06:39:58.832" /><!-- duration: 4ms -->
        </step><!-- duration: 30ms -->
        <step title="PreDeployment: context.CleanOutputPath False" date="2026-02-24T06:39:58.944" >
          <step title="PreDeployment: context.OutputPath /home/site/wwwroot" date="2026-02-24T06:39:59.046" >
            <step title="Building" date="2026-02-24T06:39:59.202" >
              <step title="Executing external process" date="2026-02-24T06:39:59.581" type="process" path="starter.sh" arguments="/opt/Kudu/Scripts/parallel_rsync.sh /tmp/zipdeploy/extracted /home/site/wwwroot 8 /tmp/ False True  " /><!-- duration: 39075ms -->
              <step title="Triggering recycle (preview mode disabled)." date="2026-02-24T06:40:38.900" /><!-- duration: 12ms -->
              <step title="Modified file to trigger a restart of the app container." date="2026-02-24T06:40:38.934" /><!-- duration: 4ms -->
              <step title="Skip function trigger and logicapp sync because function is not enabled." date="2026-02-24T06:40:38.943" /><!-- duration: 9ms -->
            </step><!-- duration: 40991ms -->
          </step><!-- duration: 41158ms -->
          <step title="Cleaning up temp files" date="2026-02-24T06:40:40.209" /><!-- duration: 21ms -->
          <step title="Cleaning up temp files" date="2026-02-24T06:40:40.234" /><!-- duration: 505ms -->
          <step title="Reloading status file with latest updates" date="2026-02-24T06:40:40.778" >
            <step title="WebHooksManager.PublishEventAsync: PostDeployment" date="2026-02-24T06:40:40.783" /><!-- duration: 36ms -->
          </step><!-- duration: 45ms -->
          <step title="Cleaning up temporary deployment - fetch deployment was successful" date="2026-02-24T06:40:40.837" /><!-- duration: 5ms -->
        </step><!-- duration: 41980ms -->
      </step><!-- duration: 43901ms -->
