<step title="Incoming Request" date="2026-02-23T21:47:25.455" instance="c8e42a" url="/api/deployments/latest?deployer=OneDeploy&amp;time=2026-02-23_21-46-58Z" method="GET" type="request" pid="833,1,67" Host="kholo-may-boutique.scm.azurewebsites.net" User-Agent="GITHUBACTIONS_DeployWebAppToAzure_18fab4e0fe05a7107e4bbad74201faccf5554886db050fe096de485e629b71eb" Authorization="Bea..." Content-Type="application/json; charset=utf-8" Cookie="ARRAffinity=c8e42a2e9282e266f7f8208800e3f3003a7d6e8149859585d969c3187d57e418;Path=/;HttpOnly;Secure;Domain=kholo-may-boutique.scm.azurewebsites.net; ARRAffinitySameSite=c8e42a2e9282e266f7f8208800e3f3003a7d6e8149859585d969c3187d57e418;Path=/;HttpOnly;SameSite=None;Secure;Domain=kholo-may-boutique.scm.azurewebsites.net" Content-Length="0" X-ARR-LOG-ID="da781914-cf68-46c0-b37d-65cc2804ff48" CLIENT-IP="135.232.216.53:18491" X-SITE-DEPLOYMENT-ID="kholo-may-boutique" WAS-DEFAULT-HOSTNAME="kholo-may-boutique.scm.azurewebsites.net" X-Forwarded-Proto="https" X-AppService-Proto="https" X-Forwarded-TlsVersion="1.3" X-WAWS-Unencoded-URL="/api/deployments/latest?deployer=OneDeploy&amp;time=2026-02-23_21-46-58Z" X-Client-IP="135.232.216.53" X-Client-Port="18491" >
  <step title="Cleanup Xml Logs" date="2026-02-23T21:47:25.486" >
    <step title="Cleanup Infos" date="2026-02-23T21:47:25.638" totalFiles="271" totalCleanup="111" /><!-- duration: 62ms -->
  </step><!-- duration: 253ms -->
  <step title="DeploymentService.GetResult" date="2026-02-23T21:47:25.859" >
    <step title="DeploymentService.GetLatestDeployment" date="2026-02-23T21:47:25.898" >
      <step title="DeploymentManager.GetResults" date="2026-02-23T21:47:25.909" /><!-- duration: 1487ms -->
    </step><!-- duration: 1558ms -->
  </step><!-- duration: 1618ms -->
  <step title="Outgoing response" date="2026-02-23T21:47:27.536" type="response" statusCode="202" statusText="Accepted" /><!-- duration: 63ms -->
</step><!-- duration: 2183ms -->
