<step title="Incoming Request" date="2026-02-23T21:50:34.556" instance="c8e42a" url="/api/deployments/latest?deployer=OneDeploy&amp;time=2026-02-23_21-46-58Z" method="GET" type="request" pid="833,1,25" Host="kholo-may-boutique.scm.azurewebsites.net" User-Agent="GITHUBACTIONS_DeployWebAppToAzure_18fab4e0fe05a7107e4bbad74201faccf5554886db050fe096de485e629b71eb" Authorization="Bea..." Content-Type="application/json; charset=utf-8" Cookie="ARRAffinity=c8e42a2e9282e266f7f8208800e3f3003a7d6e8149859585d969c3187d57e418;Path=/;HttpOnly;Secure;Domain=kholo-may-boutique.scm.azurewebsites.net; ARRAffinitySameSite=c8e42a2e9282e266f7f8208800e3f3003a7d6e8149859585d969c3187d57e418;Path=/;HttpOnly;SameSite=None;Secure;Domain=kholo-may-boutique.scm.azurewebsites.net" Content-Length="0" X-ARR-LOG-ID="82be5e9a-9e1b-461a-93c9-475cc679535f" CLIENT-IP="135.232.216.53:18498" X-SITE-DEPLOYMENT-ID="kholo-may-boutique" WAS-DEFAULT-HOSTNAME="kholo-may-boutique.scm.azurewebsites.net" X-Forwarded-Proto="https" X-AppService-Proto="https" X-Forwarded-TlsVersion="1.3" X-WAWS-Unencoded-URL="/api/deployments/latest?deployer=OneDeploy&amp;time=2026-02-23_21-46-58Z" X-Client-IP="135.232.216.53" X-Client-Port="18498" >
  <step title="Cleanup Xml Logs" date="2026-02-23T21:50:34.566" >
    <step title="Cleanup Infos" date="2026-02-23T21:50:34.617" totalFiles="295" totalCleanup="135" /><!-- duration: 40ms -->
  </step><!-- duration: 108ms -->
  <step title="DeploymentService.GetResult" date="2026-02-23T21:50:34.716" >
    <step title="DeploymentService.GetLatestDeployment" date="2026-02-23T21:50:34.726" >
      <step title="DeploymentManager.GetResults" date="2026-02-23T21:50:34.737" /><!-- duration: 863ms -->
    </step><!-- duration: 895ms -->
  </step><!-- duration: 924ms -->
  <step title="Outgoing response" date="2026-02-23T21:50:35.660" type="response" statusCode="202" statusText="Accepted" /><!-- duration: 10ms -->
</step><!-- duration: 1124ms -->
