<step title="Incoming Request" date="2026-02-24T06:45:24.643" instance="c8e42a" url="/api/deployments/latest?deployer=OneDeploy&amp;time=2026-02-24_06-44-43Z" method="GET" type="request" pid="833,1,15" Host="kholo-may-boutique.scm.azurewebsites.net" User-Agent="GITHUBACTIONS_DeployWebAppToAzure_18fab4e0fe05a7107e4bbad74201faccf5554886db050fe096de485e629b71eb" Authorization="Bea..." Content-Type="application/json; charset=utf-8" Cookie="ARRAffinity=c8e42a2e9282e266f7f8208800e3f3003a7d6e8149859585d969c3187d57e418;Path=/;HttpOnly;Secure;Domain=kholo-may-boutique.scm.azurewebsites.net; ARRAffinitySameSite=c8e42a2e9282e266f7f8208800e3f3003a7d6e8149859585d969c3187d57e418;Path=/;HttpOnly;SameSite=None;Secure;Domain=kholo-may-boutique.scm.azurewebsites.net" Content-Length="0" X-ARR-LOG-ID="ac6f95af-c20b-4ad2-8fa0-81ae6ff258f4" CLIENT-IP="20.161.58.226:44033" X-SITE-DEPLOYMENT-ID="kholo-may-boutique" WAS-DEFAULT-HOSTNAME="kholo-may-boutique.scm.azurewebsites.net" X-Forwarded-Proto="https" X-AppService-Proto="https" X-Forwarded-TlsVersion="1.3" X-WAWS-Unencoded-URL="/api/deployments/latest?deployer=OneDeploy&amp;time=2026-02-24_06-44-43Z" X-Client-IP="20.161.58.226" X-Client-Port="44033" >
  <step title="Cleanup Xml Logs" date="2026-02-24T06:45:24.654" >
    <step title="Cleanup Infos" date="2026-02-24T06:45:24.714" totalFiles="327" totalCleanup="167" /><!-- duration: 30ms -->
  </step><!-- duration: 122ms -->
  <step title="DeploymentService.GetResult" date="2026-02-24T06:45:24.814" >
    <step title="DeploymentService.GetLatestDeployment" date="2026-02-24T06:45:24.844" >
      <step title="DeploymentManager.GetResults" date="2026-02-24T06:45:24.854" /><!-- duration: 1008ms -->
    </step><!-- duration: 1037ms -->
  </step><!-- duration: 1077ms -->
  <step title="Outgoing response" date="2026-02-24T06:45:25.911" type="response" statusCode="202" statusText="Accepted" /><!-- duration: 9ms -->
</step><!-- duration: 1287ms -->
