<step title="Incoming Request" date="2026-02-24T06:55:40.799" instance="c8e42a" url="/api/deployments/latest?deployer=OneDeploy&amp;time=2026-02-24_06-55-22Z" method="GET" type="request" pid="833,1,28" Host="kholo-may-boutique.scm.azurewebsites.net" User-Agent="GITHUBACTIONS_DeployWebAppToAzure_18fab4e0fe05a7107e4bbad74201faccf5554886db050fe096de485e629b71eb" Authorization="Bea..." Content-Type="application/json; charset=utf-8" Cookie="ARRAffinity=c8e42a2e9282e266f7f8208800e3f3003a7d6e8149859585d969c3187d57e418;Path=/;HttpOnly;Secure;Domain=kholo-may-boutique.scm.azurewebsites.net; ARRAffinitySameSite=c8e42a2e9282e266f7f8208800e3f3003a7d6e8149859585d969c3187d57e418;Path=/;HttpOnly;SameSite=None;Secure;Domain=kholo-may-boutique.scm.azurewebsites.net" Content-Length="0" X-ARR-LOG-ID="bc18e1f9-df93-48da-8938-5d2de15357c0" CLIENT-IP="52.225.29.96:58306" X-SITE-DEPLOYMENT-ID="kholo-may-boutique" WAS-DEFAULT-HOSTNAME="kholo-may-boutique.scm.azurewebsites.net" X-Forwarded-Proto="https" X-AppService-Proto="https" X-Forwarded-TlsVersion="1.3" X-WAWS-Unencoded-URL="/api/deployments/latest?deployer=OneDeploy&amp;time=2026-02-24_06-55-22Z" X-Client-IP="52.225.29.96" X-Client-Port="58306" >
  <step title="Cleanup Xml Logs" date="2026-02-24T06:55:40.807" >
    <step title="Cleanup Infos" date="2026-02-24T06:55:40.849" totalFiles="357" totalCleanup="197" /><!-- duration: 39ms -->
  </step><!-- duration: 91ms -->
  <step title="DeploymentService.GetResult" date="2026-02-24T06:55:40.961" >
    <step title="DeploymentService.GetLatestDeployment" date="2026-02-24T06:55:41.059" >
      <step title="DeploymentManager.GetResults" date="2026-02-24T06:55:41.081" /><!-- duration: 1135ms -->
    </step><!-- duration: 1199ms -->
  </step><!-- duration: 1317ms -->
  <step title="Outgoing response" date="2026-02-24T06:55:42.309" type="response" statusCode="202" statusText="Accepted" /><!-- duration: 10ms -->
</step><!-- duration: 1530ms -->
