<step title="Incoming Request" date="2026-02-23T19:02:09.228" instance="c8e42a" url="/api/publish?async=true&amp;deployer=GITHUB_ONE_DEPLOY&amp;type=zip&amp;message=%7B%22type%22%3A%22deployment%22%2C%22sha%22%3A%220664a1d644a19b109a2f2d0fe597d96d8d7abdb2%22%2C%22repoName%22%3A%22MorokaPrince%2FKholo-May_Boutique%22%2C%22actor%22%3A%22MorokaPrince%22%2C%22slotName%22%3A%22Production%22%2C%22commitMessage%22%3A%22Merge%20branch%20%27main%27%20of%20https%3A%2F%2Fgithub.com%2FMorokaPrince%2FKholo-May_Boutique%22%7D" method="POST" type="request" pid="833,1,26" Host="kholo-may-boutique.scm.azurewebsites.net" User-Agent="GITHUBACTIONS_DeployWebAppToAzure_18fab4e0fe05a7107e4bbad74201faccf5554886db050fe096de485e629b71eb" Authorization="Bea..." Content-Type="application/octet-stream" Cookie="ARRAffinity=c8e42a2e9282e266f7f8208800e3f3003a7d6e8149859585d969c3187d57e418;Path=/;HttpOnly;Secure;Domain=kholo-may-boutique.scm.azurewebsites.net; ARRAffinitySameSite=c8e42a2e9282e266f7f8208800e3f3003a7d6e8149859585d969c3187d57e418;Path=/;HttpOnly;SameSite=None;Secure;Domain=kholo-may-boutique.scm.azurewebsites.net" Transfer-Encoding="chunked" X-ARR-LOG-ID="ca0a0a9d-541b-42ad-bb8a-47becaaa7e59" CLIENT-IP="52.157.2.241:61451" X-SITE-DEPLOYMENT-ID="kholo-may-boutique" WAS-DEFAULT-HOSTNAME="kholo-may-boutique.scm.azurewebsites.net" X-Forwarded-Proto="https" X-AppService-Proto="https" X-Forwarded-TlsVersion="1.3" X-WAWS-Unencoded-URL="/api/publish?async=true&amp;deployer=GITHUB_ONE_DEPLOY&amp;type=zip&amp;message=%7B%22type%22%3A%22deployment%22%2C%22sha%22%3A%220664a1d644a19b109a2f2d0fe597d96d8d7abdb2%22%2C%22repoName%22%3A%22MorokaPrince%2FKholo-May_Boutique%22%2C%22actor%22%3A%22MorokaPrince%22%2C%22slotName%22%3A%22Production%22%2C%22commitMessage%22%3A%22Merge%20branch%20%27main%27%20of%20https%3A%2F%2Fgithub.com%2FMorokaPrince%2FKholo-May_Boutique%22%7D" X-Client-IP="52.157.2.241" X-Client-Port="61451" >
  <step title="Cleanup Xml Logs" date="2026-02-23T19:02:09.237" /><!-- duration: 71ms -->
  <step title="OneDeploy" date="2026-02-23T19:02:09.369" >
    <step title="Starting PushDeployAsync" date="2026-02-23T19:02:09.399" /><!-- duration: 10ms -->
    <step title="Writing artifact to /tmp/zipdeploy/0edfc827-8c94-44f3-a3b7-edba11f8057b.zip" date="2026-02-23T19:02:09.477" >
      <step title="Writing multipart request body to /tmp/zipdeploy/0edfc827-8c94-44f3-a3b7-edba11f8057b.zip" date="2026-02-23T19:02:09.520" /><!-- duration: 30ms -->
    </step><!-- duration: 21092ms -->
    <step title="Start deployment in the background" date="2026-02-23T19:02:30.841" >
      <step title="Acquiring Deployment Lock" date="2026-02-23T19:02:33.041" /><!-- duration: 52ms -->
      <step title="Cannot Acquire Deployment Lock already held" date="2026-02-23T19:02:33.232" /><!-- duration: 42ms -->
    </step><!-- duration: 2883ms -->
    <step title="There is a deployment currently in progress. Please try again when it completes." date="2026-02-23T19:02:33.815" /><!-- duration: 73ms -->
  </step><!-- duration: 24617ms -->
  <step title="Outgoing response" date="2026-02-23T19:02:34.158" type="response" statusCode="409" statusText="Conflict" /><!-- duration: 69ms -->
</step><!-- duration: 25152ms -->
