<step title="Incoming Request" date="2026-02-24T07:32:33.742" instance="c8e42a" url="/api/deployments/latest?deployer=OneDeploy&amp;time=2026-02-24_07-31-52Z" method="GET" type="request" pid="833,1,25" Host="kholo-may-boutique.scm.azurewebsites.net" User-Agent="GITHUBACTIONS_DeployWebAppToAzure_18fab4e0fe05a7107e4bbad74201faccf5554886db050fe096de485e629b71eb" Authorization="Bea..." Content-Type="application/json; charset=utf-8" Cookie="ARRAffinity=c8e42a2e9282e266f7f8208800e3f3003a7d6e8149859585d969c3187d57e418;Path=/;HttpOnly;Secure;Domain=kholo-may-boutique.scm.azurewebsites.net; ARRAffinitySameSite=c8e42a2e9282e266f7f8208800e3f3003a7d6e8149859585d969c3187d57e418;Path=/;HttpOnly;SameSite=None;Secure;Domain=kholo-may-boutique.scm.azurewebsites.net" Content-Length="0" X-ARR-LOG-ID="ef6d512c-20df-4d31-95f3-0e4d6a38d147" CLIENT-IP="57.151.129.49:10250" X-SITE-DEPLOYMENT-ID="kholo-may-boutique" WAS-DEFAULT-HOSTNAME="kholo-may-boutique.scm.azurewebsites.net" X-Forwarded-Proto="https" X-AppService-Proto="https" X-Forwarded-TlsVersion="1.3" X-WAWS-Unencoded-URL="/api/deployments/latest?deployer=OneDeploy&amp;time=2026-02-24_07-31-52Z" X-Client-IP="57.151.129.49" X-Client-Port="10250" >
  <step title="Cleanup Xml Logs" date="2026-02-24T07:32:33.762" >
    <step title="Cleanup Infos" date="2026-02-24T07:32:33.863" totalFiles="483" totalCleanup="323" /><!-- duration: 48ms -->
  </step><!-- duration: 181ms -->
  <step title="DeploymentService.GetResult" date="2026-02-24T07:32:33.993" >
    <step title="DeploymentService.GetLatestDeployment" date="2026-02-24T07:32:34.103" >
      <step title="DeploymentManager.GetResults" date="2026-02-24T07:32:34.141" /><!-- duration: 1759ms -->
    </step><!-- duration: 1847ms -->
  </step><!-- duration: 2054ms -->
  <step title="Outgoing response" date="2026-02-24T07:32:36.057" type="response" statusCode="202" statusText="Accepted" /><!-- duration: 11ms -->
</step><!-- duration: 2375ms -->
