<step title="Incoming Request" date="2026-02-24T07:31:59.865" instance="c8e42a" url="/api/deployments/latest?deployer=OneDeploy&amp;time=2026-02-24_07-31-52Z" method="GET" type="request" pid="833,1,24" Host="kholo-may-boutique.scm.azurewebsites.net" User-Agent="GITHUBACTIONS_DeployWebAppToAzure_18fab4e0fe05a7107e4bbad74201faccf5554886db050fe096de485e629b71eb" Authorization="Bea..." Content-Type="application/json; charset=utf-8" Cookie="ARRAffinity=c8e42a2e9282e266f7f8208800e3f3003a7d6e8149859585d969c3187d57e418;Path=/;HttpOnly;Secure;Domain=kholo-may-boutique.scm.azurewebsites.net; ARRAffinitySameSite=c8e42a2e9282e266f7f8208800e3f3003a7d6e8149859585d969c3187d57e418;Path=/;HttpOnly;SameSite=None;Secure;Domain=kholo-may-boutique.scm.azurewebsites.net" Content-Length="0" X-ARR-LOG-ID="d0a7c099-c2d7-4190-8fe2-3a99016619d6" CLIENT-IP="57.151.129.49:10250" X-SITE-DEPLOYMENT-ID="kholo-may-boutique" WAS-DEFAULT-HOSTNAME="kholo-may-boutique.scm.azurewebsites.net" X-Forwarded-Proto="https" X-AppService-Proto="https" X-Forwarded-TlsVersion="1.3" X-WAWS-Unencoded-URL="/api/deployments/latest?deployer=OneDeploy&amp;time=2026-02-24_07-31-52Z" X-Client-IP="57.151.129.49" X-Client-Port="10250" >
  <step title="Cleanup Xml Logs" date="2026-02-24T07:31:59.892" >
    <step title="Cleanup Infos" date="2026-02-24T07:31:59.934" totalFiles="479" totalCleanup="319" /><!-- duration: 59ms -->
  </step><!-- duration: 143ms -->
  <step title="DeploymentService.GetResult" date="2026-02-24T07:32:00.074" >
    <step title="DeploymentService.GetLatestDeployment" date="2026-02-24T07:32:00.084" >
      <step title="DeploymentManager.GetResults" date="2026-02-24T07:32:00.096" /><!-- duration: 1243ms -->
    </step><!-- duration: 1336ms -->
  </step><!-- duration: 1424ms -->
  <step title="Outgoing response" date="2026-02-24T07:32:01.549" type="response" statusCode="202" statusText="Accepted" /><!-- duration: 51ms -->
</step><!-- duration: 1764ms -->
