<step title="Incoming Request" date="2026-02-24T07:04:00.889" instance="c8e42a" url="/api/deployments/latest?deployer=OneDeploy&amp;time=2026-02-24_07-00-28Z" method="GET" type="request" pid="833,1,26" Host="kholo-may-boutique.scm.azurewebsites.net" User-Agent="GITHUBACTIONS_DeployWebAppToAzure_18fab4e0fe05a7107e4bbad74201faccf5554886db050fe096de485e629b71eb" Authorization="Bea..." Content-Type="application/json; charset=utf-8" Cookie="ARRAffinity=c8e42a2e9282e266f7f8208800e3f3003a7d6e8149859585d969c3187d57e418;Path=/;HttpOnly;Secure;Domain=kholo-may-boutique.scm.azurewebsites.net; ARRAffinitySameSite=c8e42a2e9282e266f7f8208800e3f3003a7d6e8149859585d969c3187d57e418;Path=/;HttpOnly;SameSite=None;Secure;Domain=kholo-may-boutique.scm.azurewebsites.net" Content-Length="0" X-ARR-LOG-ID="007748c5-a0f1-49f0-98c0-af3238467642" CLIENT-IP="52.242.243.97:55256" X-SITE-DEPLOYMENT-ID="kholo-may-boutique" WAS-DEFAULT-HOSTNAME="kholo-may-boutique.scm.azurewebsites.net" X-Forwarded-Proto="https" X-AppService-Proto="https" X-Forwarded-TlsVersion="1.3" X-WAWS-Unencoded-URL="/api/deployments/latest?deployer=OneDeploy&amp;time=2026-02-24_07-00-28Z" X-Client-IP="52.242.243.97" X-Client-Port="55256" >
  <step title="Cleanup Xml Logs" date="2026-02-24T07:04:00.900" >
    <step title="Cleanup Infos" date="2026-02-24T07:04:01.031" totalFiles="426" totalCleanup="266" /><!-- duration: 40ms -->
  </step><!-- duration: 181ms -->
  <step title="DeploymentService.GetResult" date="2026-02-24T07:04:01.102" >
    <step title="DeploymentService.GetLatestDeployment" date="2026-02-24T07:04:01.151" >
      <step title="DeploymentManager.GetResults" date="2026-02-24T07:04:01.181" /><!-- duration: 1928ms -->
    </step><!-- duration: 1998ms -->
  </step><!-- duration: 2087ms -->
  <step title="Outgoing response" date="2026-02-24T07:04:03.212" type="response" statusCode="202" statusText="Accepted" /><!-- duration: 38ms -->
</step><!-- duration: 2373ms -->
