<step title="Incoming Request" date="2026-02-23T19:06:03.040" instance="c8e42a" url="/api/deployments/latest?deployer=OneDeploy&amp;time=2026-02-23_19-03-23Z" method="GET" type="request" pid="833,1,31" Host="kholo-may-boutique.scm.azurewebsites.net" User-Agent="GITHUBACTIONS_DeployWebAppToAzure_18fab4e0fe05a7107e4bbad74201faccf5554886db050fe096de485e629b71eb" Authorization="Bea..." Content-Type="application/json; charset=utf-8" Cookie="ARRAffinity=c8e42a2e9282e266f7f8208800e3f3003a7d6e8149859585d969c3187d57e418;Path=/;HttpOnly;Secure;Domain=kholo-may-boutique.scm.azurewebsites.net; ARRAffinitySameSite=c8e42a2e9282e266f7f8208800e3f3003a7d6e8149859585d969c3187d57e418;Path=/;HttpOnly;SameSite=None;Secure;Domain=kholo-may-boutique.scm.azurewebsites.net" Content-Length="0" X-ARR-LOG-ID="1e76165b-9d55-4f5c-a95d-2029f3ee720b" CLIENT-IP="52.157.2.241:61472" X-SITE-DEPLOYMENT-ID="kholo-may-boutique" WAS-DEFAULT-HOSTNAME="kholo-may-boutique.scm.azurewebsites.net" X-Forwarded-Proto="https" X-AppService-Proto="https" X-Forwarded-TlsVersion="1.3" X-WAWS-Unencoded-URL="/api/deployments/latest?deployer=OneDeploy&amp;time=2026-02-23_19-03-23Z" X-Client-IP="52.157.2.241" X-Client-Port="61472" >
  <step title="Cleanup Xml Logs" date="2026-02-23T19:06:03.080" >
    <step title="Cleanup Infos" date="2026-02-23T19:06:03.222" totalFiles="208" totalCleanup="48" /><!-- duration: 99ms -->
  </step><!-- duration: 302ms -->
  <step title="DeploymentService.GetResult" date="2026-02-23T19:06:03.522" >
    <step title="DeploymentService.GetLatestDeployment" date="2026-02-23T19:06:03.552" >
      <step title="DeploymentManager.GetResults" date="2026-02-23T19:06:03.595" /><!-- duration: 1567ms -->
    </step><!-- duration: 1658ms -->
  </step><!-- duration: 1721ms -->
  <step title="Outgoing response" date="2026-02-23T19:06:05.323" type="response" statusCode="202" statusText="Accepted" /><!-- duration: 60ms -->
</step><!-- duration: 2415ms -->
