<step title="BackgroundTrace" date="2026-02-23T21:46:58.258" instance="c8e42a" url="/api/publish" method="POST" >
  <step title="Cleanup Xml Logs" date="2026-02-23T21:46:58.265" >
    <step title="Cleanup Infos" date="2026-02-23T21:46:58.284" totalFiles="267" totalCleanup="107" /><!-- duration: 6ms -->
  </step><!-- duration: 29ms -->
  <step title="Creating temporary deployment - FetchDeploymentManager" date="2026-02-23T21:46:58.368" /><!-- duration: 4ms -->
  <step title="Creating temporary deployment" date="2026-02-23T21:46:58.377" /><!-- duration: 67ms -->
  <step title="Performing fetch based deployment" date="2026-02-23T21:46:58.510" >
    <step title="Cleaning up temp folders from previous zip deployments and extracting pushed zip file /tmp/zipdeploy/a0c66f57-8af3-4834-af4d-35ba96d75eb0.zip (199.85 MB) to /tmp/zipdeploy/extracted" date="2026-02-23T21:46:59.687" >
      <step title="ChmodRecursive Process exited with total time taken in ms: 134" date="2026-02-23T21:47:58.899" /><!-- duration: 18ms -->
    </step><!-- duration: 59263ms -->
    <step title="Deployment timer started" date="2026-02-23T21:48:01.177" >
      <step title="DeploymentManager.Deploy(id:05adba2c-e7b2-41b2-85fc-a00c67ff7846)" date="2026-02-23T21:48:01.256" >
        <step title="Collecting changeset information" date="2026-02-23T21:48:01.358" /><!-- duration: 441ms -->
        <step title="Updating submodules" date="2026-02-23T21:48:01.827" /><!-- duration: 1489ms -->
        <step title="Determining deployment builder" date="2026-02-23T21:48:03.966" >
          <step title="Builder is OneDeployBuilder" date="2026-02-23T21:48:04.059" /><!-- duration: 21ms -->
        </step><!-- duration: 131ms -->
        <step title="PreDeployment: context.CleanOutputPath False" date="2026-02-23T21:48:04.231" >
          <step title="PreDeployment: context.OutputPath /home/site/wwwroot" date="2026-02-23T21:48:04.531" >
            <step title="Building" date="2026-02-23T21:48:05.062" >
              <step title="Executing external process" date="2026-02-23T21:48:06.933" type="process" path="starter.sh" arguments="/opt/Kudu/Scripts/absoluteTar.sh /tmp/zipdeploy/extracted/node_modules /tmp/zipdeploy/extracted/node_modules.tar.gz" >
                <step title="Cpu: gzip(3692,26.910s)+sh(3691,0.000s)+tar(3690,3.130s)+absoluteTar.sh(3689,0.010s)=total(30.050s)" date="2026-02-23T21:49:07.535" /><!-- duration: 41ms -->
                <step title="starter.sh: no io activity for 61s, prev-cpu=-1.000s, current-cpu=30.050s" date="2026-02-23T21:49:07.637" /><!-- duration: 72ms -->
                <step title="Cpu: gzip(3692,69.250s)+sh(3691,0.000s)+tar(3690,5.430s)+absoluteTar.sh(3689,0.010s)=total(74.690s)" date="2026-02-23T21:50:08.089" /><!-- duration: 68ms -->
                <step title="starter.sh: no io activity for 121s, prev-cpu=30.050s, current-cpu=74.690s" date="2026-02-23T21:50:08.170" /><!-- duration: 38ms -->
              </step><!-- duration: 151512ms -->
              <step title="Executing external process" date="2026-02-23T21:50:38.728" type="process" path="starter.sh" arguments="/opt/Kudu/Scripts/parallel_rsync.sh /tmp/zipdeploy/extracted /home/site/wwwroot 8 /tmp/ False False node_modules " /><!-- duration: 20043ms -->
              <step title="Modified file to trigger a restart of the app container." date="2026-02-23T21:51:00.739" /><!-- duration: 4ms -->
              <step title="Skip function trigger and logicapp sync because function is not enabled." date="2026-02-23T21:51:00.747" /><!-- duration: 16ms -->
              <step title="Purge deployment items" date="2026-02-23T21:51:01.632" >
                <step title="Remove b2c2aea5-, Failed, received at 02/23/2026 18:49:06" date="2026-02-23T21:51:01.756" /><!-- duration: 6ms -->
              </step><!-- duration: 134ms -->
            </step><!-- duration: 176776ms -->
          </step><!-- duration: 177317ms -->
          <step title="Cleaning up temp files" date="2026-02-23T21:51:01.853" /><!-- duration: 22ms -->
          <step title="Cleaning up temp files" date="2026-02-23T21:51:01.879" /><!-- duration: 524ms -->
          <step title="Reloading status file with latest updates" date="2026-02-23T21:51:02.432" >
            <step title="WebHooksManager.PublishEventAsync: PostDeployment" date="2026-02-23T21:51:02.437" /><!-- duration: 43ms -->
          </step><!-- duration: 51ms -->
          <step title="Cleaning up temporary deployment - fetch deployment was successful" date="2026-02-23T21:51:02.491" /><!-- duration: 7ms -->
        </step><!-- duration: 178346ms -->
      </step><!-- duration: 181340ms -->
