<step title="Incoming Request" date="2026-02-24T06:56:29.777" instance="c8e42a" url="/api/deployments/latest?deployer=OneDeploy&amp;time=2026-02-24_06-55-22Z" method="GET" type="request" pid="833,1,22" Host="kholo-may-boutique.scm.azurewebsites.net" User-Agent="GITHUBACTIONS_DeployWebAppToAzure_18fab4e0fe05a7107e4bbad74201faccf5554886db050fe096de485e629b71eb" Authorization="Bea..." Content-Type="application/json; charset=utf-8" Cookie="ARRAffinity=c8e42a2e9282e266f7f8208800e3f3003a7d6e8149859585d969c3187d57e418;Path=/;HttpOnly;Secure;Domain=kholo-may-boutique.scm.azurewebsites.net; ARRAffinitySameSite=c8e42a2e9282e266f7f8208800e3f3003a7d6e8149859585d969c3187d57e418;Path=/;HttpOnly;SameSite=None;Secure;Domain=kholo-may-boutique.scm.azurewebsites.net" Content-Length="0" X-ARR-LOG-ID="6a1d81f3-8270-4fac-9b13-6c8a6dacbe9d" CLIENT-IP="52.225.29.96:58312" X-SITE-DEPLOYMENT-ID="kholo-may-boutique" WAS-DEFAULT-HOSTNAME="kholo-may-boutique.scm.azurewebsites.net" X-Forwarded-Proto="https" X-AppService-Proto="https" X-Forwarded-TlsVersion="1.3" X-WAWS-Unencoded-URL="/api/deployments/latest?deployer=OneDeploy&amp;time=2026-02-24_06-55-22Z" X-Client-IP="52.225.29.96" X-Client-Port="58312" >
  <step title="Cleanup Xml Logs" date="2026-02-24T06:56:29.797" >
    <step title="Cleanup Infos" date="2026-02-24T06:56:29.836" totalFiles="363" totalCleanup="203" /><!-- duration: 41ms -->
  </step><!-- duration: 90ms -->
  <step title="DeploymentService.GetResult" date="2026-02-24T06:56:29.907" >
    <step title="DeploymentService.GetLatestDeployment" date="2026-02-24T06:56:29.917" >
      <step title="DeploymentManager.GetResults" date="2026-02-24T06:56:29.927" /><!-- duration: 966ms -->
    </step><!-- duration: 998ms -->
  </step><!-- duration: 1017ms -->
  <step title="Outgoing response" date="2026-02-24T06:56:30.943" type="response" statusCode="202" statusText="Accepted" /><!-- duration: 20ms -->
</step><!-- duration: 1206ms -->
