<step title="Incoming Request" date="2026-02-23T21:49:20.505" instance="c8e42a" url="/api/deployments/latest?deployer=OneDeploy&amp;time=2026-02-23_21-46-58Z" method="GET" type="request" pid="833,1,65" Host="kholo-may-boutique.scm.azurewebsites.net" User-Agent="GITHUBACTIONS_DeployWebAppToAzure_18fab4e0fe05a7107e4bbad74201faccf5554886db050fe096de485e629b71eb" Authorization="Bea..." Content-Type="application/json; charset=utf-8" Cookie="ARRAffinity=c8e42a2e9282e266f7f8208800e3f3003a7d6e8149859585d969c3187d57e418;Path=/;HttpOnly;Secure;Domain=kholo-may-boutique.scm.azurewebsites.net; ARRAffinitySameSite=c8e42a2e9282e266f7f8208800e3f3003a7d6e8149859585d969c3187d57e418;Path=/;HttpOnly;SameSite=None;Secure;Domain=kholo-may-boutique.scm.azurewebsites.net" Content-Length="0" X-ARR-LOG-ID="615fbb2c-eda7-4a10-b007-47dfcaa70029" CLIENT-IP="135.232.216.53:18497" X-SITE-DEPLOYMENT-ID="kholo-may-boutique" WAS-DEFAULT-HOSTNAME="kholo-may-boutique.scm.azurewebsites.net" X-Forwarded-Proto="https" X-AppService-Proto="https" X-Forwarded-TlsVersion="1.3" X-WAWS-Unencoded-URL="/api/deployments/latest?deployer=OneDeploy&amp;time=2026-02-23_21-46-58Z" X-Client-IP="135.232.216.53" X-Client-Port="18497" >
  <step title="Cleanup Xml Logs" date="2026-02-23T21:49:20.537" >
    <step title="Cleanup Infos" date="2026-02-23T21:49:20.596" totalFiles="285" totalCleanup="125" /><!-- duration: 22ms -->
  </step><!-- duration: 110ms -->
  <step title="DeploymentService.GetResult" date="2026-02-23T21:49:20.675" >
    <step title="DeploymentService.GetLatestDeployment" date="2026-02-23T21:49:20.686" >
      <step title="DeploymentManager.GetResults" date="2026-02-23T21:49:20.698" /><!-- duration: 822ms -->
    </step><!-- duration: 863ms -->
  </step><!-- duration: 887ms -->
  <step title="Outgoing response" date="2026-02-23T21:49:21.580" type="response" statusCode="202" statusText="Accepted" /><!-- duration: 51ms -->
</step><!-- duration: 1146ms -->
