<step title="Incoming Request" date="2026-02-24T07:00:08.817" instance="c8e42a" url="/api/publish?async=true&amp;deployer=GITHUB_ONE_DEPLOY&amp;type=zip&amp;message=%7B%22type%22%3A%22deployment%22%2C%22sha%22%3A%223943d66263740dfb6025cbdd84d0b542f0700daf%22%2C%22repoName%22%3A%22MorokaPrince%2FKholo-May_Boutique%22%2C%22actor%22%3A%22MorokaPrince%22%2C%22slotName%22%3A%22Production%22%2C%22commitMessage%22%3A%22fix(contact)%3A%20add%20accessible%20title%20to%20map%20iframe%22%7D" method="POST" type="request" pid="833,1,30" Host="kholo-may-boutique.scm.azurewebsites.net" User-Agent="GITHUBACTIONS_DeployWebAppToAzure_18fab4e0fe05a7107e4bbad74201faccf5554886db050fe096de485e629b71eb" Authorization="Bea..." Content-Type="application/octet-stream" Cookie="ARRAffinity=c8e42a2e9282e266f7f8208800e3f3003a7d6e8149859585d969c3187d57e418;Path=/;HttpOnly;Secure;Domain=kholo-may-boutique.scm.azurewebsites.net; ARRAffinitySameSite=c8e42a2e9282e266f7f8208800e3f3003a7d6e8149859585d969c3187d57e418;Path=/;HttpOnly;SameSite=None;Secure;Domain=kholo-may-boutique.scm.azurewebsites.net" Transfer-Encoding="chunked" X-ARR-LOG-ID="0ebb5272-e3bb-400f-b4da-723dc4a675bd" CLIENT-IP="52.242.243.97:55233" X-SITE-DEPLOYMENT-ID="kholo-may-boutique" WAS-DEFAULT-HOSTNAME="kholo-may-boutique.scm.azurewebsites.net" X-Forwarded-Proto="https" X-AppService-Proto="https" X-Forwarded-TlsVersion="1.3" X-WAWS-Unencoded-URL="/api/publish?async=true&amp;deployer=GITHUB_ONE_DEPLOY&amp;type=zip&amp;message=%7B%22type%22%3A%22deployment%22%2C%22sha%22%3A%223943d66263740dfb6025cbdd84d0b542f0700daf%22%2C%22repoName%22%3A%22MorokaPrince%2FKholo-May_Boutique%22%2C%22actor%22%3A%22MorokaPrince%22%2C%22slotName%22%3A%22Production%22%2C%22commitMessage%22%3A%22fix(contact)%3A%20add%20accessible%20title%20to%20map%20iframe%22%7D" X-Client-IP="52.242.243.97" X-Client-Port="55233" >
  <step title="Cleanup Xml Logs" date="2026-02-24T07:00:08.864" >
    <step title="Cleanup Infos" date="2026-02-24T07:00:08.975" totalFiles="398" totalCleanup="238" /><!-- duration: 13ms -->
  </step><!-- duration: 152ms -->
  <step title="OneDeploy" date="2026-02-24T07:00:09.118" >
    <step title="Starting PushDeployAsync" date="2026-02-24T07:00:09.218" /><!-- duration: 40ms -->
    <step title="Writing artifact to /tmp/zipdeploy/1a037b58-0408-4dc0-a824-8a611b839dbd.zip" date="2026-02-24T07:00:09.578" >
      <step title="Writing multipart request body to /tmp/zipdeploy/1a037b58-0408-4dc0-a824-8a611b839dbd.zip" date="2026-02-24T07:00:09.619" /><!-- duration: 59ms -->
    </step><!-- duration: 17512ms -->
    <step title="Start deployment in the background" date="2026-02-24T07:00:27.180" >
      <step title="Acquiring Deployment Lock" date="2026-02-24T07:00:27.542" /><!-- duration: 19ms -->
      <step title="Acquired Deployment Lock" date="2026-02-24T07:00:27.774" /><!-- duration: 28ms -->
    </step><!-- duration: 1103ms -->
  </step><!-- duration: 19357ms -->
  <step title="Outgoing response" date="2026-02-24T07:00:28.604" type="response" statusCode="202" statusText="Accepted" /><!-- duration: 13ms -->
</step><!-- duration: 19839ms -->
