<step title="Incoming Request" date="2026-02-23T21:49:42.285" instance="c8e42a" url="/api/deployments/latest?deployer=OneDeploy&amp;time=2026-02-23_21-46-58Z" method="GET" type="request" pid="833,1,62" Host="kholo-may-boutique.scm.azurewebsites.net" User-Agent="GITHUBACTIONS_DeployWebAppToAzure_18fab4e0fe05a7107e4bbad74201faccf5554886db050fe096de485e629b71eb" Authorization="Bea..." Content-Type="application/json; charset=utf-8" Cookie="ARRAffinity=c8e42a2e9282e266f7f8208800e3f3003a7d6e8149859585d969c3187d57e418;Path=/;HttpOnly;Secure;Domain=kholo-may-boutique.scm.azurewebsites.net; ARRAffinitySameSite=c8e42a2e9282e266f7f8208800e3f3003a7d6e8149859585d969c3187d57e418;Path=/;HttpOnly;SameSite=None;Secure;Domain=kholo-may-boutique.scm.azurewebsites.net" Content-Length="0" X-ARR-LOG-ID="6e4dc843-95ee-4ce3-b702-fe692962d747" CLIENT-IP="135.232.216.53:18496" X-SITE-DEPLOYMENT-ID="kholo-may-boutique" WAS-DEFAULT-HOSTNAME="kholo-may-boutique.scm.azurewebsites.net" X-Forwarded-Proto="https" X-AppService-Proto="https" X-Forwarded-TlsVersion="1.3" X-WAWS-Unencoded-URL="/api/deployments/latest?deployer=OneDeploy&amp;time=2026-02-23_21-46-58Z" X-Client-IP="135.232.216.53" X-Client-Port="18496" >
  <step title="Cleanup Xml Logs" date="2026-02-23T21:49:42.296" >
    <step title="Cleanup Infos" date="2026-02-23T21:49:42.367" totalFiles="288" totalCleanup="128" /><!-- duration: 22ms -->
  </step><!-- duration: 122ms -->
  <step title="DeploymentService.GetResult" date="2026-02-23T21:49:42.466" >
    <step title="DeploymentService.GetLatestDeployment" date="2026-02-23T21:49:42.487" >
      <step title="DeploymentManager.GetResults" date="2026-02-23T21:49:42.498" /><!-- duration: 1036ms -->
    </step><!-- duration: 1086ms -->
  </step><!-- duration: 1129ms -->
  <step title="Outgoing response" date="2026-02-23T21:49:43.612" type="response" statusCode="202" statusText="Accepted" /><!-- duration: 11ms -->
</step><!-- duration: 1349ms -->
