﻿<?xml version="1.0" encoding="utf-8"?>
<deployment>
  <id>e12d3bb9-4d9a-4ed7-8d17-93016cef1da6</id>
  <author>N/A</author>
  <deployer>OneDeploy</deployer>
  <authorEmail>N/A</authorEmail>
  <message>OneDeploy</message>
  <progress></progress>
  <status>Success</status>
  <statusText></statusText>
  <lastSuccessEndTime>2026-02-24T12:51:55.4457976Z</lastSuccessEndTime>
  <receivedTime>2026-02-24T12:47:11.6869988Z</receivedTime>
  <startTime>2026-02-24T12:47:13.4546749Z</startTime>
  <endTime>2026-02-24T12:51:55.4457976Z</endTime>
  <complete>True</complete>
  <is_temp>False</is_temp>
  <is_readonly>True</is_readonly>
  <containerId>e2f5cf4330cc</containerId>
  <buildSummary />
</deployment>