﻿<?xml version="1.0" encoding="utf-8"?>
<deployment>
  <id>1181a855-a386-4203-9486-f7af2becd97c</id>
  <author>N/A</author>
  <deployer>OneDeploy</deployer>
  <authorEmail>N/A</authorEmail>
  <message>OneDeploy</message>
  <progress></progress>
  <status>Success</status>
  <statusText></statusText>
  <lastSuccessEndTime>2026-02-24T13:31:12.8076152Z</lastSuccessEndTime>
  <receivedTime>2026-02-24T13:24:52.4554955Z</receivedTime>
  <startTime>2026-02-24T13:24:53.8628855Z</startTime>
  <endTime>2026-02-24T13:31:12.8076152Z</endTime>
  <complete>True</complete>
  <is_temp>False</is_temp>
  <is_readonly>True</is_readonly>
  <containerId>670909fd9a67</containerId>
  <buildSummary />
</deployment>