﻿<?xml version="1.0" encoding="utf-8"?>
<deployment>
  <id>e1a9cef0-9a9a-4948-ad0b-672500cdb5d1</id>
  <author>N/A</author>
  <deployer>OneDeploy</deployer>
  <authorEmail>N/A</authorEmail>
  <message>OneDeploy</message>
  <progress></progress>
  <status>Success</status>
  <statusText></statusText>
  <lastSuccessEndTime>2026-02-24T09:36:42.9381535Z</lastSuccessEndTime>
  <receivedTime>2026-02-24T09:33:55.7080891Z</receivedTime>
  <startTime>2026-02-24T09:33:57.2247329Z</startTime>
  <endTime>2026-02-24T09:36:42.9381535Z</endTime>
  <complete>True</complete>
  <is_temp>False</is_temp>
  <is_readonly>True</is_readonly>
  <containerId>e6f6cf4c5e78</containerId>
  <buildSummary />
</deployment>