﻿<?xml version="1.0" encoding="utf-8"?>
<deployment>
  <id>b5d8eedf-f0ef-436d-8b3e-445b51ea0efe</id>
  <author>N/A</author>
  <deployer>OneDeploy</deployer>
  <authorEmail>N/A</authorEmail>
  <message>OneDeploy</message>
  <progress></progress>
  <status>Success</status>
  <statusText></statusText>
  <lastSuccessEndTime>2026-02-24T10:53:21.5273762Z</lastSuccessEndTime>
  <receivedTime>2026-02-24T10:47:14.8424695Z</receivedTime>
  <startTime>2026-02-24T10:47:16.9228801Z</startTime>
  <endTime>2026-02-24T10:53:21.5273762Z</endTime>
  <complete>True</complete>
  <is_temp>False</is_temp>
  <is_readonly>True</is_readonly>
  <containerId>41e5b57bcb90</containerId>
  <buildSummary />
</deployment>