﻿<?xml version="1.0" encoding="utf-8"?>
<deployment>
  <id>temp-4bfb3049</id>
  <author>Deploying from pushed zip file</author>
  <deployer>Push-Deployer</deployer>
  <authorEmail>N/A</authorEmail>
  <message>N/A</message>
  <progress>Fetching changes.</progress>
  <status>Pending</status>
  <statusText>Receiving changes.</statusText>
  <lastSuccessEndTime />
  <receivedTime>2026-02-23T18:32:09.0179311Z</receivedTime>
  <startTime>2026-02-23T18:32:09.0179311Z</startTime>
  <endTime />
  <complete>False</complete>
  <is_temp>True</is_temp>
  <is_readonly>False</is_readonly>
  <containerId>5944f2c9b064</containerId>
  <buildSummary />
</deployment>