﻿<?xml version="1.0" encoding="utf-8"?>
<deployment>
  <id>466632a7-033a-4de2-89c5-cc6891694079</id>
  <author>N/A</author>
  <deployer>OneDeploy</deployer>
  <authorEmail>N/A</authorEmail>
  <message>OneDeploy</message>
  <progress></progress>
  <status>Success</status>
  <statusText></statusText>
  <lastSuccessEndTime>2026-02-24T09:46:39.9513822Z</lastSuccessEndTime>
  <receivedTime>2026-02-24T09:43:00.8945212Z</receivedTime>
  <startTime>2026-02-24T09:43:02.2644428Z</startTime>
  <endTime>2026-02-24T09:46:39.9513822Z</endTime>
  <complete>True</complete>
  <is_temp>False</is_temp>
  <is_readonly>True</is_readonly>
  <containerId>e6f6cf4c5e78</containerId>
  <buildSummary />
</deployment>