﻿<?xml version="1.0" encoding="utf-8"?>
<deployment>
  <id>e1f9cded-095e-4769-85f9-fffb8bd1f1fd</id>
  <author>N/A</author>
  <deployer>OneDeploy</deployer>
  <authorEmail>N/A</authorEmail>
  <message>OneDeploy</message>
  <progress></progress>
  <status>Success</status>
  <statusText></statusText>
  <lastSuccessEndTime>2026-02-24T09:15:56.0657644Z</lastSuccessEndTime>
  <receivedTime>2026-02-24T09:13:30.178837Z</receivedTime>
  <startTime>2026-02-24T09:13:31.5669341Z</startTime>
  <endTime>2026-02-24T09:15:56.0657644Z</endTime>
  <complete>True</complete>
  <is_temp>False</is_temp>
  <is_readonly>True</is_readonly>
  <containerId>e6f6cf4c5e78</containerId>
  <buildSummary />
</deployment>