﻿<?xml version="1.0" encoding="utf-8"?>
<deployment>
  <id>da5a67c9-e7b9-42e5-bd3d-c19a12186ec7</id>
  <author>N/A</author>
  <deployer>OneDeploy</deployer>
  <authorEmail>N/A</authorEmail>
  <message>OneDeploy</message>
  <progress></progress>
  <status>Success</status>
  <statusText></statusText>
  <lastSuccessEndTime>2026-02-24T10:29:13.9535832Z</lastSuccessEndTime>
  <receivedTime>2026-02-24T10:16:42.1574462Z</receivedTime>
  <startTime>2026-02-24T10:16:45.2774365Z</startTime>
  <endTime>2026-02-24T10:29:13.9535832Z</endTime>
  <complete>True</complete>
  <is_temp>False</is_temp>
  <is_readonly>True</is_readonly>
  <containerId>41e5b57bcb90</containerId>
  <buildSummary />
</deployment>