﻿<?xml version="1.0" encoding="utf-8"?>
<deployment>
  <id>bdf05214-325f-45f3-9878-de28ef05b67b</id>
  <author>N/A</author>
  <deployer>OneDeploy</deployer>
  <authorEmail>N/A</authorEmail>
  <message>OneDeploy</message>
  <progress></progress>
  <status>Success</status>
  <statusText></statusText>
  <lastSuccessEndTime>2026-02-24T11:44:37.3790246Z</lastSuccessEndTime>
  <receivedTime>2026-02-24T11:34:14.3737528Z</receivedTime>
  <startTime>2026-02-24T11:34:15.8315073Z</startTime>
  <endTime>2026-02-24T11:44:37.3790246Z</endTime>
  <complete>True</complete>
  <is_temp>False</is_temp>
  <is_readonly>True</is_readonly>
  <containerId>e2f5cf4330cc</containerId>
  <buildSummary />
</deployment>