﻿<?xml version="1.0" encoding="utf-8"?>
<deployment>
  <id>eeb56c0c-e35a-45ce-8084-2947a690d4a4</id>
  <author>N/A</author>
  <deployer>OneDeploy</deployer>
  <authorEmail>N/A</authorEmail>
  <message>OneDeploy</message>
  <progress></progress>
  <status>Success</status>
  <statusText></statusText>
  <lastSuccessEndTime>2026-02-24T13:50:34.8041635Z</lastSuccessEndTime>
  <receivedTime>2026-02-24T13:50:17.6440186Z</receivedTime>
  <startTime>2026-02-24T13:50:19.0374922Z</startTime>
  <endTime>2026-02-24T13:50:34.8041635Z</endTime>
  <complete>True</complete>
  <is_temp>False</is_temp>
  <is_readonly>True</is_readonly>
  <containerId>670909fd9a67</containerId>
  <buildSummary />
</deployment>