﻿<?xml version="1.0" encoding="utf-8"?>
<deployment>
  <id>4dac70f0-1988-4396-9f1d-f9f573bc7fa5</id>
  <author>N/A</author>
  <deployer>Push-Deployer</deployer>
  <authorEmail>N/A</authorEmail>
  <message>Created via a push deployment</message>
  <progress></progress>
  <status>Failed</status>
  <statusText></statusText>
  <lastSuccessEndTime />
  <receivedTime>2026-02-23T18:32:16.4963079Z</receivedTime>
  <startTime>2026-02-23T18:32:18.2929985Z</startTime>
  <endTime>2026-02-23T18:39:47.0493229Z</endTime>
  <complete>True</complete>
  <is_temp>False</is_temp>
  <is_readonly>True</is_readonly>
  <containerId>5944f2c9b064</containerId>
  <buildSummary />
</deployment>